Kabupaten/Kota,Unnamed: 1,Unnamed: 2,Unnamed: 3,Unnamed: 4,Unnamed: 5,Unnamed: 6,Unnamed: 7,Tahun
,Rata-rata Konsumsi Perkapita Seminggu Menurut Kelompok Padi-Padian Per Kabupaten/kota (Satuan Komoditas),,,,,,,2022
,PADI-PADIAN,"Beras (beras lokal, kualitas unggul, impor)",Beras ketan,Jagung basah dengan kulit,Jagung pipilan/beras jagung/jagung titil,Tepung terigu,Padi-padian lainnya,2022
,2022,2022,2022,2022,2022,2022,2022,2022
Simeulue,0,2.075,0.022,0.002,-,0.014,-,2022
Aceh Singkil,0,1.621,0.007,0.057,0,0.059,0,2022
Aceh Selatan,0,1.905,0.004,0.019,0.001,0.015,-,2022
Aceh Tenggara,0,1.972,0.003,0.012,-,0.003,-,2022
Aceh Timur,0,1.642,0.014,0.021,0.007,0.034,0,2022
Aceh Tengah,0,1.681,0.009,0.024,0.001,0.032,-,2022
Aceh Barat,0,1.522,0.008,0.036,0.003,0.013,0.003,2022
Aceh Besar,0,1.537,0.003,0.025,0.003,0.025,0.001,2022
Pidie,0,2.018,0.007,0.014,0,0.012,0,2022
Bireuen,0,1.563,0.008,0.045,0.001,0.017,0.001,2022
Aceh Utara,0,1.662,0.005,0.011,-,0.021,-,2022
Aceh Barat Daya,0,1.833,0.014,0.033,0,0.009,-,2022
Gayo Lues,0,2.097,0.027,0.046,0.015,0.022,0,2022
Aceh Tamiang,0,1.517,0.002,0.009,0.002,0.031,0.002,2022
Nagan Raya,0,1.871,0.023,0.04,0.002,0.033,0,2022
Aceh Jaya,0,1.901,0.011,0.047,0.001,0.017,0.001,2022
Bener Meriah,0,2.011,0.013,0.008,0.002,0.025,0,2022
Pidie Jaya,0,1.986,0.006,0.026,0.004,0.019,0,2022
Kota Banda Aceh,0,1.131,0.004,0.031,0,0.033,0.004,2022
Kota Sabang,0,1.428,0.008,0.028,0.001,0.022,0,2022
Kota Langsa,0,1.283,0.002,0.016,-,0.019,0.002,2022
Kota Lhokseumawe,0,1.368,0.004,0.024,0,0.019,-,2022
Kota Subulussalam,0,1.733,0.003,0.019,0.01,0.025,0.001,2022
Nias,0,2.285,0.002,0.002,0,0.018,-,2022
Mandailing Natal,0,2.133,0.002,0.007,0.002,0.007,-,2022
Tapanuli Selatan,0,2.162,0.004,0.029,0.001,0.01,-,2022
Tapanuli Tengah,0,1.938,0.001,0.012,0.001,0.006,-,2022
Tapanuli Utara,0,2.112,0.008,0.012,-,0.016,-,2022
Toba Samosir,0,1.885,0.002,0.01,0.008,0.012,-,2022
Labuhan Batu,0,1.796,0.008,0.006,-,0.015,-,2022
Asahan,0,1.507,0.015,0.019,0.001,0.034,0.004,2022
Simalungun,0,1.658,0.005,0.021,0.002,0.014,0.002,2022
Dairi,0,2.039,0.002,0.003,-,0.005,0.001,2022
Karo,0,1.992,0.004,0.004,0.002,0.007,-,2022
Deli Serdang,0,1.631,0.007,0.02,0.006,0.035,0,2022
Langkat,0,1.585,0.003,0.024,0.005,0.041,0,2022
Nias Selatan,0,2.574,0.002,-,-,0.016,-,2022
Humbang Hasundutan,0,2.269,0.003,0.005,0.002,0.007,-,2022
Pakpak Bharat,0,2.078,0.009,0.007,-,0.022,0.001,2022
Samosir,0,2.008,0.003,0.006,-,0.014,-,2022
Serdang Bedagai,0,1.559,0.003,0.018,0.001,0.025,0.002,2022
Batu Bara,0,1.539,0.002,0.021,0,0.022,0.002,2022
Padang Lawas Utara,0,2.371,0.001,0.004,0.002,0.015,-,2022
Padang Lawas,0,2.102,0.003,0.01,0,0.014,0,2022
Labuhan Batu Selatan,0,1.753,-,0.009,0.004,0.021,0.001,2022
Labuhan Batu Utara,0,1.649,0.002,0.019,0.004,0.02,0,2022
Nias Utara,0,2.538,0.002,0.006,0.001,0.009,-,2022
Nias Barat,0,2.497,0,-,-,0.006,-,2022
Kota Sibolga,0,1.454,0.001,0.003,-,0.005,-,2022
Kota Tanjung Balai,0,1.511,0.001,0.022,-,0.021,0.004,2022
Kota Pematang Siantar,0,1.438,0.003,0.02,0.001,0.014,0.001,2022
Kota Tebing Tinggi,0,1.432,0.004,0.016,-,0.02,-,2022
Kota Medan,0,1.448,0.002,0.027,0.001,0.021,0.001,2022
Kota Binjai,0,1.427,0.002,0.018,0,0.019,-,2022
Kota Padangsidimpuan,0,1.627,0.006,0.016,0.001,0.004,0.001,2022
Kota Gunungsitoli,0,2.135,0.001,0.003,-,0.012,0,2022
Kepulauan Mentawai,0,1.287,0.01,0.005,0,0.061,0.001,2022
Pesisir Selatan,0,1.622,0.016,0.009,0.004,0.013,0.001,2022
Solok,0,2.004,0.008,0.053,0.007,0.022,0.002,2022
Sijunjung,0,1.702,0.005,0.023,0,0.02,0,2022
Tanah Datar,0,1.656,0.001,0.008,0.003,0.011,0.001,2022
Padang Pariaman,0,1.521,0.002,0.003,0,0.011,0,2022
Agam,0,1.703,0.003,0.006,0.001,0.021,0.002,2022
Lima Puluh Kota,0,1.766,0.002,0.007,-,0.008,0.001,2022
Pasaman,0,2.094,0.003,0.025,-,0.01,0.002,2022
Solok Selatan,0,1.897,0.011,0.034,0,0.028,0.001,2022
Dharmasraya,0,1.386,0.003,0.011,0.002,0.028,0.001,2022
Pasaman Barat,0,2.095,0.004,0.009,0.001,0.01,0,2022
Kota Padang,0,1.338,0.003,0.018,0,0.021,0.001,2022
Kota Solok,0,1.479,0.003,0.011,0.001,0.021,0.001,2022
Kota Sawah Lunto,0,1.463,0.002,0.016,0,0.029,0.001,2022
Kota Padang Panjang,0,1.328,0.001,0.013,0.001,0.022,0,2022
Kota Bukittinggi,0,1.257,0.004,0.021,0.003,0.015,0,2022
Kota Payakumbuh,0,1.334,0.007,0.008,0.001,0.014,0.001,2022
Kota Pariaman,0,1.229,0.001,0.001,0,0.017,0.003,2022
Kuantan Singingi,0,1.435,0.005,0.031,0.002,0.046,-,2022
Indragiri Hulu,0,1.401,0.018,0.019,0.007,0.032,0.002,2022
Indragiri Hilir,0,1.346,0.009,0.027,0.003,0.083,0.003,2022
Pelalawan,0,1.666,0.01,0.039,0,0.057,0,2022
Siak,0,1.442,0.008,0.034,0.002,0.05,0.001,2022
Kampar,0,1.495,0.002,0.036,0.001,0.055,0,2022
Rokan Hulu,0,1.787,0.002,0.014,0.001,0.038,-,2022
Bengkalis,0,1.329,0.007,0.018,0.009,0.06,-,2022
Rokan Hilir,0,1.53,0.002,0.018,0.003,0.05,0.001,2022
Kepulauan Meranti,0,1.434,0.012,0.01,0.002,0.095,0,2022
Kota Pekanbaru,0,1.135,0.004,0.031,0.001,0.036,0,2022
Kota Dumai,0,1.431,0.001,0.019,0.001,0.046,0.001,2022
Kerinci,0,1.802,0.008,0.032,-,0.032,0.001,2022
Merangin,0,1.68,0.007,0.011,0,0.031,-,2022
Sarolangun,0,1.616,0.005,0.032,0,0.069,-,2022
Batang Hari,0,1.538,0.003,0.007,-,0.096,-,2022
Muaro Jambi,0,1.539,0.005,0.044,0.002,0.119,0.003,2022
Tanjung Jabung Timur,0,1.403,0.007,0.034,0.001,0.091,0.001,2022
Tanjung Jabung Barat,0,1.261,0.007,0.019,0.001,0.102,0,2022
Tebo,0,1.57,0.018,0.01,0.001,0.075,0,2022
Bungo,0,1.51,0.007,0.022,0.002,0.054,-,2022
Kota Jambi,0,1.184,0.002,0.039,0.001,0.081,0.001,2022
Kota Sungai Penuh,0,1.599,0.007,0.009,0.003,0.016,0.001,2022
Ogan Komering Ulu,0,1.658,0.007,0.015,0.001,0.113,0,2022
Ogan Komering Ilir,0,1.714,0.026,0.036,0.003,0.102,-,2022
Muara Enim,0,1.621,0.013,0.012,0.001,0.127,0,2022
Lahat,0,2.034,0.004,0.023,0.002,0.1,-,2022
Musi Rawas,0,1.723,0.006,0.027,0.001,0.072,-,2022
Musi Banyuasin,0,1.588,0.016,0.031,0,0.152,-,2022
Banyu Asin,0,1.693,0.02,0.036,0.003,0.153,0.016,2022
Ogan Komering Ulu Selatan,0,1.83,0.001,0.005,0,0.052,-,2022
Ogan Komering Ulu Timur,0,1.575,0.003,0.018,0,0.067,0.002,2022
Ogan Ilir,0,1.484,0.029,0.016,0,0.142,0.006,2022
Empat Lawang,0,1.875,0.008,0.012,0.004,0.094,0.001,2022
Penukal Abab Lematang Ilir,0,1.984,0.026,0.002,0.001,0.172,0.006,2022
Musi Rawas Utara,0,1.835,0.007,0.025,0.001,0.087,-,2022
Kota Palembang,0,1.277,0.006,0.036,0.001,0.144,0.002,2022
Kota Prabumulih,0,1.283,0.003,0.014,0.002,0.069,0.007,2022
Kota Pagar Alam,0,1.615,0.004,0.027,0.004,0.065,0.001,2022
Kota Lubuklinggau,0,1.516,0.002,0.023,0.001,0.057,0,2022
Bengkulu Selatan,0,1.761,0.003,0.03,-,0.033,0.001,2022
Rejang Lebong,0,1.816,0.008,0.027,0.004,0.045,-,2022
Bengkulu Utara,0,1.702,0.003,0.023,0.005,0.045,0,2022
Kaur,0,2.12,0.023,0.048,0.002,0.053,0,2022
Seluma,0,1.657,0.017,0.063,0.004,0.037,0.001,2022
Mukomuko,0,1.698,0.008,0.02,-,0.044,0,2022
Lebong,0,2.202,0.005,0.015,0.002,0.031,0,2022
Kepahiang,0,1.771,0.004,0.031,0.001,0.044,0,2022
Bengkulu Tengah,0,1.851,0.001,0.021,0.006,0.021,-,2022
Kota Bengkulu,0,1.362,0.003,0.042,0.001,0.034,0,2022
Lampung Barat,0,1.895,0.004,0.048,0.006,0.083,-,2022
Tanggamus,0,1.725,0.014,0.015,0.002,0.098,-,2022
Lampung Selatan,0,1.633,0.012,0.031,0.001,0.078,0,2022
Lampung Timur,0,1.621,0.005,0.044,0.007,0.072,-,2022
Lampung Tengah,0,1.578,0.003,0.015,0.002,0.07,0.002,2022
Lampung Utara,0,1.528,0.004,0.015,0,0.087,0,2022
Way Kanan,0,1.672,0.008,0.031,0.001,0.082,0,2022
Tulangbawang,0,1.598,0.01,0.044,0.002,0.047,0.002,2022
Pesawaran,0,1.626,0.002,0.011,0.001,0.09,0,2022
Pringsewu,0,1.542,0.004,0.025,0,0.072,0,2022
Mesuji,0,1.696,0.001,0.019,0.001,0.062,0.001,2022
Tulang Bawang Barat,0,1.596,0.001,0.026,-,0.03,-,2022
Pesisir Barat,0,1.779,-,0.01,0.001,0.029,-,2022
Kota Bandar Lampung,0,1.259,0.001,0.035,0.004,0.069,0.001,2022
Kota Metro,0,1.198,0.002,0.019,0.001,0.039,0.001,2022
Bangka,0,1.438,0.005,0.016,0.001,0.048,-,2022
Belitung,0,1.424,0.001,0.004,-,0.054,-,2022
Bangka Barat,0,1.46,0.008,0.023,0.002,0.051,-,2022
Bangka Tengah,0,1.488,0.024,0.023,0.005,0.059,0,2022
Bangka Selatan,0,1.702,0.005,0.009,-,0.044,-,2022
Belitung Timur,0,1.51,0.007,0.019,0.001,0.065,0,2022
Kota Pangkal Pinang,0,1.272,0.002,0.029,0.003,0.078,0.001,2022
Karimun,0,1.242,0,0.003,0.001,0.039,0.002,2022
Bintan,0,1.259,0.005,0.028,-,0.069,0.001,2022
Natuna,0,1.134,0,0.006,-,0.089,0,2022
Lingga,0,1.319,0.002,0.009,0.005,0.095,0,2022
Kepulauan Anambas,0,1.071,0.001,0.004,0,0.042,0.001,2022
Kota Batam,0,1.298,0.008,0.028,0.004,0.064,0.005,2022
Kota Tanjung Pinang,0,1.004,-,0.009,0.001,0.026,0.001,2022
Kep. Seribu,0,1.676,0,0.005,-,0.048,-,2022
Kota Jakarta Selatan,0,1.341,0.002,0.034,0.001,0.056,0.001,2022
Kota Jakarta Timur,0,1.403,0.004,0.036,0.004,0.066,0.005,2022
Kota Jakarta Pusat,0,1.351,0.004,0.012,0.001,0.041,0.002,2022
Kota Jakarta Barat,0,1.317,0.002,0.029,0.002,0.041,0.002,2022
Kota Jakarta Utara,0,1.38,0.001,0.024,0.002,0.054,0.001,2022
Bogor,0,1.613,0.007,0.018,0.003,0.076,0.002,2022
Sukabumi,0,1.938,0.015,0.035,0.001,0.097,0,2022
Cianjur,0,1.959,0.015,0.027,0.001,0.063,0,2022
Bandung,0,1.465,0.001,0.015,0.002,0.05,0.001,2022
Garut,0,1.592,0.006,0.026,0.001,0.073,0,2022
Tasikmalaya,0,1.75,0.007,0.006,0.001,0.083,0,2022
Ciamis,0,1.883,0.015,0.019,0.001,0.128,0,2022
Kuningan,0,1.411,0.003,0.021,0.001,0.073,0.001,2022
Cirebon,0,1.418,0.004,0.011,0.001,0.033,0.003,2022
Majalengka,0,1.523,0.003,0.01,0.001,0.047,-,2022
Sumedang,0,1.679,0.013,0.023,0.002,0.071,0.001,2022
Indramayu,0,1.572,0.005,0.009,0.002,0.021,0,2022
Subang,0,1.775,0.003,0.004,0.001,0.035,-,2022
Purwakarta,0,1.742,0.008,0.006,0.001,0.043,0.001,2022
Karawang,0,1.82,0.005,0.004,-,0.025,0.001,2022
Bekasi,0,1.557,0.001,0.018,0.001,0.05,0.003,2022
Bandung Barat,0,1.632,0.007,0.019,0.015,0.067,0.001,2022
Pangandaran,0,1.874,0.014,0.02,0.002,0.116,0.003,2022
Kota Bogor,0,1.523,0.001,0.02,0.002,0.061,0.002,2022
Kota Sukabumi,0,1.546,0.007,0.023,0.002,0.042,-,2022
Kota Bandung,0,1.246,0.01,0.013,0.004,0.056,0.001,2022
Kota Cirebon,0,1.269,0.001,0.011,0,0.048,0,2022
Kota Bekasi,0,1.272,0.004,0.025,0.004,0.08,0.001,2022
Kota Depok,0,1.342,0.004,0.036,0.003,0.073,0.001,2022
Kota Cimahi,0,1.268,0.003,0.013,0.004,0.054,0.001,2022
Kota Tasikmalaya,0,1.641,0.006,0.01,0.001,0.064,0,2022
Kota Banjar,0,1.738,0.005,0.015,0.004,0.092,0,2022
Cilacap,0,1.628,0.001,0.01,0.001,0.065,0,2022
Banyumas,0,1.36,0.002,0.026,0.001,0.076,0.007,2022
Purbalingga,0,1.269,0.002,0.014,0.009,0.074,0.013,2022
Banjarnegara,0,1.226,0.004,0.015,0.025,0.094,0.001,2022
Kebumen,0,1.383,0.002,0.008,0.001,0.083,0,2022
Purworejo,0,1.269,0.005,0.012,0,0.077,0.001,2022
Wonosobo,0,1.238,0.018,0.019,0.054,0.074,0.012,2022
Magelang,0,1.235,0.004,0.006,0.012,0.079,0,2022
Boyolali,0,1.139,0.001,0.014,0.001,0.08,0.001,2022
Klaten,0,1.255,0.003,0.006,0.001,0.063,0,2022
Sukoharjo,0,1.28,0.002,0.012,0.001,0.056,0.003,2022
Wonogiri,0,1.474,0.012,0.006,0.006,0.066,0.004,2022
Karanganyar,0,1.269,0.003,0.006,0.002,0.074,0.001,2022
Sragen,0,1.401,0.005,0.005,0.001,0.066,0.001,2022
Grobogan,0,1.503,0.008,0.026,0.005,0.084,0.002,2022
Blora,0,1.443,0.003,0.051,0.014,0.04,0.005,2022
Rembang,0,1.498,0.02,0.016,0.015,0.041,0.002,2022
Pati,0,1.429,0.001,0.018,0.001,0.061,0.007,2022
Kudus,0,1.255,0.007,0.014,0,0.042,0.002,2022
Jepara,0,1.45,0.003,0.013,0.001,0.04,0.001,2022
Demak,0,1.536,0.003,0.019,0.001,0.035,0.001,2022
Semarang,0,1.302,0.01,0.012,0.001,0.076,0.001,2022
Temanggung,0,1.281,0.01,0.004,0.023,0.045,0.002,2022
Kendal,0,1.382,0.001,0.015,0.018,0.037,0,2022
Batang,0,1.379,0.004,0.01,0.003,0.053,0.002,2022
Pekalongan,0,1.322,0.006,0.004,0.004,0.054,0.007,2022
Pemalang,0,1.43,0.005,0.013,0.011,0.042,0.004,2022
Tegal,0,1.369,0,0.007,0.001,0.035,0.002,2022
Brebes,0,1.483,0.001,0.009,-,0.039,0.001,2022
Kota Magelang,0,1.12,0.001,0.027,-,0.041,0.001,2022
Kota Surakarta,0,1.201,0.001,0.015,0.005,0.041,0.001,2022
Kota Salatiga,0,1.104,0.007,0.042,0.004,0.052,0.002,2022
Kota Semarang,0,1.134,0.007,0.018,0.001,0.045,0.001,2022
Kota Pekalongan,0,1.289,0.002,0.017,0.002,0.027,0.002,2022
Kota Tegal,0,1.119,0.008,0.015,0.001,0.029,0,2022
Kulon Progo,0,1.303,0.002,0.02,0.001,0.073,0.001,2022
Bantul,0,1.222,0.002,0.014,0.002,0.05,0.001,2022
Gunung Kidul,0,1.491,0.005,0.004,0.01,0.06,0.005,2022
Sleman,0,1.218,0.003,0.05,0.004,0.066,0.001,2022
Kota Yogyakarta,0,1.05,0.003,0.029,0.003,0.032,0.002,2022
Pacitan,0,1.505,0.019,0.009,0.002,0.044,0,2022
Ponorogo,0,1.426,0.007,0.017,0.008,0.054,0.008,2022
Trenggalek,0,1.511,0.01,0.014,0.002,0.019,0.009,2022
Tulungagung,0,1.393,0.008,0.024,0.007,0.032,0.003,2022
Blitar,0,1.275,0.004,0.032,0.012,0.024,0.006,2022
Kediri,0,1.429,0.002,0.047,0.009,0.034,0.004,2022
Malang,0,1.389,0.004,0.045,0.042,0.036,0.002,2022
Lumajang,0,1.656,0.006,0.117,0.111,0.057,0.001,2022
Jember,0,1.668,0.005,0.092,0.055,0.056,0.003,2022
Banyuwangi,0,1.57,0.005,0.079,0.019,0.024,0.001,2022
Bondowoso,0,1.559,0.009,0.095,0.043,0.043,0.001,2022
Situbondo,0,1.673,0.003,0.069,0.061,0.029,0,2022
Probolinggo,0,1.671,0.005,0.075,0.109,0.027,0.001,2022
Pasuruan,0,1.541,0.011,0.072,0.052,0.045,0.001,2022
Sidoarjo,0,1.31,0.003,0.061,0.005,0.037,0,2022
Mojokerto,0,1.461,0.005,0.104,0.023,0.043,0.003,2022
Jombang,0,1.346,0.005,0.071,0.009,0.044,0.005,2022
Nganjuk,0,1.499,0.001,0.053,0.003,0.025,0.003,2022
Madiun,0,1.411,0.007,0.04,0.001,0.054,0.001,2022
Magetan,0,1.356,0.002,0.033,0.003,0.058,0.001,2022
Ngawi,0,1.537,0.005,0.017,0.003,0.053,0,2022
Bojonegoro,0,1.623,0.003,0.054,0.012,0.063,0.028,2022
Tuban,0,1.647,0.033,0.069,0.011,0.053,0.008,2022
Lamongan,0,1.583,0.018,0.053,0.012,0.052,0.001,2022
Gresik,0,1.443,0.009,0.082,0.012,0.049,0.005,2022
Bangkalan,0,1.679,0.003,0.009,0.12,0.024,0.001,2022
Sampang,0,1.909,0.001,0.009,0.141,0.008,0.001,2022
Pamekasan,0,1.358,0.005,0.016,0.2,0.024,0,2022
Sumenep,0,1.576,0.013,0.019,0.315,0.069,0.001,2022
Kota Kediri,0,1.223,0.004,0.047,0.002,0.019,0.002,2022
Kota Blitar,0,1.146,0.004,0.038,0.004,0.02,0.001,2022
Kota Malang,0,1.217,0.003,0.052,0.009,0.057,0.002,2022
Kota Probolinggo,0,1.493,0.001,0.074,0.039,0.023,0.008,2022
Kota Pasuruan,0,1.309,0.002,0.047,0.001,0.024,0.001,2022
Kota Mojokerto,0,1.224,-,0.09,0.006,0.027,0.002,2022
Kota Madiun,0,1.174,0.002,0.049,0.005,0.054,0.004,2022
Kota Surabaya,0,1.188,0.002,0.062,0.011,0.037,0.008,2022
Kota Batu,0,1.172,0.001,0.071,0.009,0.053,0.001,2022
Pandeglang,0,2.21,0.003,0.011,0,0.062,0,2022
Lebak,0,1.982,0.026,0.021,0.004,0.112,0.001,2022
Tangerang,0,1.563,0.005,0.042,0.001,0.073,0,2022
Serang,0,1.615,0.018,0.016,-,0.062,-,2022
Kota Tangerang,0,1.45,0.003,0.036,0.003,0.069,0.001,2022
Kota Cilegon,0,1.338,0.006,0.061,0.006,0.057,0,2022
Kota Serang,0,1.566,0.004,0.017,0.003,0.046,0.001,2022
Kota Tangerang Selatan,0,1.295,0.004,0.027,0.002,0.059,0.001,2022
Jembrana,0,1.848,0.003,0.057,0.012,0.007,0,2022
Tabanan,0,1.851,0.005,0.032,0.001,0.014,0.001,2022
Badung,0,1.734,0.001,0.044,0.002,0.007,0,2022
Gianyar,0,1.859,0.004,0.02,0,0.004,0,2022
Klungkung,0,2.015,0.006,0.106,-,0.005,-,2022
Bangli,0,1.951,0.012,0.029,0.001,0.01,0.001,2022
Karangasem,0,2.122,0.012,0.023,0.006,0.004,0.001,2022
Buleleng,0,2.058,0.005,0.082,0.003,0.01,0,2022
Kota Denpasar,0,1.618,0.001,0.066,0.005,0.011,0.002,2022
Lombok Barat,0,1.939,0.005,0.115,0.005,0.022,0,2022
Lombok Tengah,0,1.897,0.01,0.103,0.012,0.019,0.001,2022
Lombok Timur,0,1.894,0.012,0.128,0.011,0.025,0.001,2022
Sumbawa,0,1.945,0.009,0.081,0.002,0.043,0.001,2022
Dompu,0,2.121,0.004,0.066,0.005,0.006,-,2022
Bima,0,1.809,0.015,0.11,0.005,0.009,0.001,2022
Sumbawa Barat,0,1.924,0.014,0.096,0.009,0.029,0,2022
Lombok Utara,0,1.941,0.016,0.129,0.002,0.019,0.001,2022
Kota Mataram,0,1.639,0.002,0.083,0.003,0.029,0.001,2022
Kota Bima,0,1.783,0.002,0.082,0.001,0.013,0.001,2022
Sumba Barat,0,1.923,-,0.015,0.237,0.003,-,2022
Sumba Timur,0,2.239,0.001,0.064,0.302,0.008,-,2022
Kupang,0,2.029,0.001,0.098,0.187,0.031,-,2022
Timor Tengah Selatan,0,1.527,0,0.241,0.425,0.054,0,2022
Timor Tengah Utara,0,2.023,0.001,0.119,0.273,0.012,-,2022
Belu,0,1.785,0.004,0.092,0.298,0.011,0.006,2022
Alor,0,1.661,0,0.065,0.202,0.046,0.001,2022
Lembata,0,1.636,0.009,0.041,0.254,0.046,0.021,2022
Flores Timur,0,2.154,0.001,0.083,0.155,0.058,0.007,2022
Sikka,0,1.917,0.011,0.041,0.077,0.012,0.015,2022
Ende,0,2.192,0.002,0.114,0.053,0.03,0.001,2022
Ngada,0,2.007,0.002,0.069,0.202,0.019,0.001,2022
Manggarai,0,2.432,0.004,0.016,0.102,0.019,0.002,2022
Rote Ndao,0,2.16,-,0.019,0.008,0.01,-,2022
Manggarai Barat,0,2.368,0.005,0.034,0.022,0.021,0.004,2022
Sumba Tengah,0,1.9,-,0.047,0.407,0.007,-,2022
Sumba Barat Daya,0,1.958,0,0.056,0.529,0.009,0.001,2022
Nagekeo,0,1.848,0.003,0.043,0.167,0.012,0.006,2022
Manggarai Timur,0,2.563,0,0.068,0.147,0.023,0.001,2022
Sabu Raijua,0,2.521,0.004,0.143,0.025,0.007,0.005,2022
Malaka,0,2.193,0.013,0.23,0.264,0.01,0.003,2022
Kota Kupang,0,1.775,0,0.071,0.042,0.038,0.002,2022
Sambas,0,1.466,0.007,0.012,0.006,0.038,0.001,2022
Bengkayang,0,1.832,0.005,0.018,0.001,0.026,-,2022
Landak,0,1.927,0.021,0.022,0.005,0.021,0,2022
Mempawah,0,1.53,0.004,0.014,0.005,0.027,0.001,2022
Sanggau,0,1.657,0.01,0.008,0.003,0.022,0,2022
Ketapang,0,1.546,0.008,0.005,0.001,0.017,0,2022
Sintang,0,1.856,0.012,0.007,-,0.025,-,2022
Kapuas Hulu,0,1.763,0.004,0.02,0.006,0.046,-,2022
Sekadau,0,1.869,0.007,0.002,-,0.036,-,2022
Melawi,0,1.705,0.007,0.017,-,0.034,-,2022
Kayong Utara,0,1.65,0.018,0.014,0.001,0.042,-,2022
Kubu Raya,0,1.502,0.002,0.017,0.018,0.035,0,2022
Kota Pontianak,0,1.196,0.003,0.044,0.008,0.04,0.002,2022
Kota Singkawang,0,1.36,0.001,0.03,0,0.039,0.002,2022
Kotawaringin Barat,0,1.676,0.006,0.023,0.003,0.073,0.002,2022
Kotawaringin Timur,0,1.594,0.009,0.02,0.001,0.053,0.003,2022
Kapuas,0,1.83,0.001,0.01,0,0.061,-,2022
Barito Selatan,0,1.758,0.002,0.02,0.001,0.091,-,2022
Barito Utara,0,1.511,0.017,0.032,0.007,0.039,-,2022
Sukamara,0,1.483,0.017,0.011,0.002,0.052,0,2022
Lamandau,0,1.549,0.005,0.022,0.009,0.058,0.001,2022
Seruyan,0,1.694,0.008,0.018,0.001,0.05,-,2022
Katingan,0,1.677,0.014,0.008,0,0.039,0.001,2022
Pulang Pisau,0,1.757,0.004,0.009,0,0.08,-,2022
Gunung Mas,0,1.556,0.003,0.022,0.005,0.02,0.001,2022
Barito Timur,0,1.909,0.006,0.021,0.001,0.067,-,2022
Murung Raya,0,1.679,0.009,0.018,0.001,0.023,0.001,2022
Kota Palangka Raya,0,1.293,0.002,0.042,0.004,0.061,0.002,2022
Tanah Laut,0,1.579,0.003,0.022,0.001,0.073,0.001,2022
Kota Baru,0,1.538,0.005,0.019,0.001,0.063,0.002,2022
Banjar,0,1.627,0.007,0.065,0.003,0.069,0.003,2022
Barito Kuala,0,1.718,0.002,0.04,0.001,0.055,0.002,2022
Tapin,0,1.53,0.002,0.036,0.004,0.067,-,2022
Hulu Sungai Selatan,0,1.64,0.001,0.028,0,0.039,0,2022
Hulu Sungai Tengah,0,1.651,0.004,0.021,0.001,0.035,-,2022
Hulu Sungai Utara,0,1.802,0.005,0.04,0.002,0.065,-,2022
Tabalong,0,1.534,0.003,0.022,0.001,0.088,0.001,2022
Tanah Bumbu,0,1.468,0.003,0.023,0.004,0.06,0,2022
Balangan,0,1.578,0.007,0.024,0.004,0.089,0.002,2022
Kota Banjarmasin,0,1.419,0.002,0.017,0.003,0.034,0.003,2022
Kota Banjar Baru,0,1.24,0.003,0.052,0.003,0.07,0.01,2022
Paser,0,1.45,0.009,0.017,0.002,0.061,-,2022
Kutai Barat,0,1.442,0.003,0.023,0.001,0.027,0,2022
Kutai Kartanegara,0,1.439,0.006,0.025,0.001,0.049,0,2022
Kutai Timur,0,1.413,0.002,0.065,0.002,0.067,0.002,2022
Berau,0,1.371,0.013,0.025,0.01,0.085,0.004,2022
Penajam Paser Utara,0,1.436,0.004,0.01,0.002,0.062,-,2022
Mahakam Ulu,0,1.594,0.015,0.017,0.001,0.037,-,2022
Kota Balikpapan,0,1.237,0.002,0.034,0.009,0.071,0.001,2022
Kota Samarinda,0,1.237,0.001,0.037,0.002,0.07,0.002,2022
Kota Bontang,0,1.252,0.004,0.069,0.003,0.063,0.002,2022
Malinau,0,1.592,0.013,0.017,0.002,0.096,0.001,2022
Bulungan,0,1.555,0.005,0.023,0.005,0.059,0.002,2022
Tana Tidung,0,1.446,0.009,0.027,0,0.067,0.001,2022
Nunukan,0,1.525,0.013,0.063,0.001,0.109,0,2022
Kota Tarakan,0,1.299,0.005,0.017,0.002,0.065,0,2022
Bolaang Mongondow,0,1.852,0.001,0.081,0.027,0.048,0.003,2022
Minahasa,0,1.737,0.002,0.016,0.003,0.065,0.001,2022
Kepulauan Sangihe,0,1.604,-,0.006,-,0.038,-,2022
Kepulauan Talaud,0,1.645,0.001,0.004,0.003,0.089,-,2022
Minahasa Selatan,0,1.949,0.002,0.024,0.012,0.06,0.001,2022
Minahasa Utara,0,1.756,0.016,0.019,0.005,0.038,0.002,2022
Bolaang Mongondow Utara,0,1.914,0.006,0.025,0.005,0.045,-,2022
Siau Tagulandang Biaro,0,1.79,0.009,-,-,0.02,0,2022
Minahasa Tenggara,0,1.911,0.006,0.018,0.018,0.052,-,2022
Bolaang Mongondow Selatan,0,1.862,0.001,0.052,0.121,0.032,-,2022
Bolaang Mongondow Timur,0,2.043,0.011,0.049,0.016,0.066,-,2022
Kota Manado,0,1.731,0.004,0.011,0.007,0.026,0.001,2022
Kota Bitung,0,1.798,0.003,0.012,0.01,0.034,-,2022
Kota Tomohon,0,1.912,0.002,0.023,0.003,0.061,0,2022
Kota Kotamobagu,0,1.752,0.008,0.049,0.025,0.032,0.006,2022
Banggai Kepulauan,0,1.902,0.001,0.011,0.005,0.026,0.003,2022
Banggai,0,1.799,0.001,0.056,0.012,0.033,0.003,2022
Morowali,0,1.764,0.002,0.013,0.007,0.043,-,2022
Poso,0,2.001,0.008,0.048,0.005,0.051,0,2022
Donggala,0,2.069,0.006,0.059,0.052,0.073,0.002,2022
Toli-Toli,0,1.651,0.006,0.033,0.001,0.054,-,2022
Buol,0,1.597,0.005,0.111,0.012,0.034,0,2022
Parigi Moutong,0,1.815,0.006,0.051,0.02,0.043,0.001,2022
Tojo Una-Una,0,1.588,0.005,0.037,0.013,0.034,0,2022
Sigi,0,2.036,0.012,0.044,0.022,0.05,0.002,2022
Banggai Laut,0,2.183,0.005,0.01,-,0.008,-,2022
Morowali Utara,0,2.01,0.001,0.027,0.018,0.044,0.001,2022
Kota Palu,0,1.599,0.01,0.052,0.003,0.036,-,2022
Kepulauan Selayar,0,1.828,0.008,0.053,0.093,0.129,0,2022
Bulukumba,0,2.064,0.045,0.099,0.066,0.139,0.001,2022
Bantaeng,0,1.714,0.02,0.05,0.089,0.1,0.002,2022
Jeneponto,0,1.994,0.022,0.04,0.023,0.134,0.001,2022
Takalar,0,1.855,0.007,0.036,0.006,0.091,-,2022
Gowa,0,1.754,0.006,0.054,0.007,0.091,0,2022
Sinjai,0,1.725,0.012,0.044,0.021,0.097,0.001,2022
Maros,0,1.799,0.004,0.089,0.006,0.113,0.003,2022
Pangkajene dan Kepulauan,0,2.465,0.011,0.043,0.005,0.154,0.001,2022
Barru,0,1.961,0.022,0.042,0.004,0.106,0.001,2022
Bone,0,1.798,0.021,0.027,0.003,0.129,0.001,2022
Soppeng,0,1.715,0.014,0.047,0.002,0.064,0.002,2022
Wajo,0,1.493,0.042,0.08,0.005,0.081,0.005,2022
Sidenreng Rappang,0,1.644,0.014,0.039,0.003,0.048,0,2022
Pinrang,0,1.55,0.004,0.078,0.007,0.056,0.002,2022
Enrekang,0,1.692,0.007,0.034,0.008,0.078,0.001,2022
Luwu,0,1.909,0.007,0.062,0.013,0.069,0.001,2022
Tana Toraja,0,1.989,0.004,0.019,0.006,0.016,-,2022
Luwu Utara,0,1.775,0.009,0.073,0.009,0.059,0,2022
Luwu Timur,0,1.899,0.009,0.042,0.006,0.06,0.006,2022
Toraja Utara,0,2.047,0.006,0.024,0.001,0.025,0,2022
Kota Makasar,0,1.714,0.006,0.042,0.003,0.082,0.001,2022
Kota Parepare,0,1.63,0.001,0.097,0.007,0.05,0.006,2022
Kota Palopo,0,1.425,0.004,0.101,0.005,0.061,0,2022
Buton,0,1.825,0.017,0.051,0.037,0.023,0,2022
Muna,0,1.964,0.004,0.037,0.087,0.022,0.003,2022
Konawe,0,1.8,0,0.024,0.001,0.045,0.002,2022
Kolaka,0,1.676,0.004,0.03,0.004,0.076,0.001,2022
Konawe Selatan,0,1.783,0,0.061,0.003,0.05,0,2022
Bombana,0,1.878,0.005,0.043,0.006,0.062,0.003,2022
Wakatobi,0,1.962,0.004,0.006,0.007,0.017,0,2022
Kolaka Utara,0,1.8,0.014,0.113,0.004,0.071,0.001,2022
Buton Utara,0,2.027,0.011,0.063,0.007,0.028,0.001,2022
Konawe Utara,0,1.773,0.005,0.064,0.003,0.051,0.003,2022
Kolaka Timur,0,1.886,0.001,0.035,0.002,0.056,0,2022
Konawe Kepulauan,0,1.615,0.002,0.029,0.004,0.056,0.001,2022
Muna Barat,0,2.066,0,0.037,0.103,0.035,0,2022
Buton Tengah,0,1.818,0.003,0.017,0.044,0.029,0.005,2022
Buton Selatan,0,1.766,0,0.027,0.144,0.019,0.006,2022
Kota Kendari,0,1.515,0.001,0.028,0.009,0.046,0.004,2022
Kota Baubau,0,1.695,0.001,0.013,0.017,0.019,0.003,2022
Boalemo,0,1.712,0.003,0.061,0.149,0.039,-,2022
Gorontalo,0,1.814,0.002,0.048,0.073,0.024,-,2022
Pohuwato,0,1.753,0.001,0.044,0.041,0.026,0.001,2022
Bone Bolango,0,1.64,0,0.044,0.051,0.023,0,2022
Gorontalo Utara,0,1.716,0.001,0.04,0.043,0.022,0,2022
Kota Gorontalo,0,1.527,-,0.034,0.023,0.039,0,2022
Majene,0,1.837,0.003,0.017,0,0.081,0.002,2022
Polewali Mandar,0,2.079,0.009,0.034,0.005,0.093,0.002,2022
Mamasa,0,2.26,0.007,0.006,0.002,0.04,-,2022
Mamuju,0,1.856,0.005,0.053,0.005,0.068,0,2022
Mamuju Utara,0,1.682,0.005,0.074,0.011,0.121,-,2022
Mamuju Tengah,0,1.824,0.008,0.048,0.002,0.089,0.002,2022
Maluku Tenggara Barat,0,1.616,0.002,0.035,0.024,0.022,0.004,2022
Maluku Tenggara,0,1.599,0.003,-,0.002,0.039,0.001,2022
Maluku Tengah,0,1.637,0.003,0.004,-,0.036,-,2022
Buru,0,1.54,0,0.01,0.003,0.059,0.003,2022
Kepulauan Aru,0,1.373,-,0,0.001,0.018,-,2022
Seram Bagian Barat,0,1.306,0.002,0.011,0.001,0.052,-,2022
Seram Bagian Timur,0,1.259,0.001,0.001,0.001,0.066,-,2022
Maluku Barat Daya,0,1.461,-,0.01,0.526,0.029,-,2022
Buru Selatan,0,1.493,0,0.002,-,0.032,-,2022
Kota Ambon,0,1.517,0.003,0.022,0.004,0.055,0.002,2022
Kota Tual,0,1.683,0.002,0.003,0.002,0.034,0.002,2022
Halmahera Barat,0,1.583,0.001,0.014,0.002,0.038,0,2022
Halmahera Tengah,0,1.327,0.003,0.018,0,0.062,-,2022
Kepulauan Sula,0,1.7,0.006,0.008,0.001,0.046,0,2022
Halmahera Selatan,0,1.571,0.001,0.006,0.001,0.041,-,2022
Halmahera Utara,0,1.484,0,0.024,0.001,0.07,0.001,2022
Halmahera Timur,0,1.468,0.001,0.024,0.003,0.06,-,2022
Pulau Morotai,0,1.522,0.006,0.057,0.001,0.045,-,2022
Pulau Taliabu,0,1.832,0.001,0.004,0,0.021,0,2022
Kota Ternate,0,1.564,0.004,0.008,-,0.01,0,2022
Kota Tidore Kepulauan,0,1.413,-,0.009,0,0.027,-,2022
Fakfak,0,1.628,0.003,0.019,0.004,0.08,0,2022
Kaimana,0,1.356,0,0.01,0.004,0.045,0.001,2022
Teluk Wondama,0,1.215,0.001,0.005,-,0.047,-,2022
Teluk Bintuni,0,1.548,0.001,0.009,0.001,0.039,-,2022
Manokwari,0,1.557,0.001,0.012,0.001,0.043,0.001,2022
Manokwari Selatan,0,1.364,-,0.009,0.002,0.066,-,2022
Pegunungan Arfak,0,1.329,0.002,0.029,0.001,0.008,-,2022
Raja Ampat,0,1.544,0.006,0.006,0.001,0.092,-,2022
Sorong,0,1.411,0,0.026,0.002,0.059,0.006,2022
Sorong Selatan,0,0.768,-,0.002,0,0.014,-,2022
Maybrat,0,1.436,0.006,0.03,0.003,0.008,-,2022
Tambrauw,0,1.406,-,0.008,0.002,0.023,-,2022
Kota Sorong,0,1.466,0.005,0.017,0.001,0.062,-,2022
Jayapura,0,1.3,-,0.025,0.002,0.047,-,2022
Kepulauan Yapen,0,1.206,-,0.005,-,0.026,-,2022
Biak Numfor,0,1.285,-,0.01,0.001,0.015,-,2022
Sarmi,0,1.396,-,0.005,-,0.017,-,2022
Keerom,0,1.287,0.001,0.013,0.01,0.026,-,2022
Waropen,0,1.324,-,0.001,0.001,0.075,-,2022
Supiori,0,1.889,0,0.003,0.002,0.088,-,2022
Mamberamo Raya,0,0.892,-,0,-,-,-,2022
Kota Jayapura,0,1.362,0.001,0.004,0.006,0.026,0,2022
Merauke,0,1.431,0.001,0.019,0.005,0.059,0.001,2022
Boven Digoel,0,1.206,0.003,0.01,-,0.009,0.003,2022
Mappi,0,1.1,0.001,0.006,-,0.004,-,2022
Asmat,0,1.022,-,0.001,-,0.003,-,2022
Mimika,0,1.357,0.003,0.009,0,0.05,0,2022
Dogiyai,0,0.862,-,0.026,0.004,-,-,2022
Deiyai,0,0.944,-,-,-,-,-,2022
Nabire,0,1.467,-,0.018,0,0.051,-,2022
Paniai,0,0.941,-,-,-,-,-,2022
Intan Jaya,0,0.768,-,-,-,-,-,2022
Puncak,0,0.174,-,0,-,-,-,2022
Puncak Jaya,0,0.707,0.252,-,-,0.001,-,2022
Nduga,0,0.576,0,0.066,0,-,-,2022
Jayawijaya,0,1.103,0.004,0.044,0,0.004,-,2022
Lanny Jaya,0,1.392,0,0.255,0,-,-,2022
Tolikara,0,1.534,-,0.082,-,-,-,2022
Mamberamo Tengah,0,0.429,-,0.307,0.003,0.001,-,2022
Yalimo,0,0.797,0.015,0.259,0.005,0.003,0,2022
Yahukimo,0,0.281,-,0.075,0,-,-,2022
Pegunungan Bintang,0,0.532,-,0.062,0.003,0.001,-,2022
,Rata-rata Konsumsi Perkapita Seminggu Menurut Kelompok Padi-Padian Per Kabupaten/kota (Satuan Komoditas),,,,,,,2023
,PADI-PADIAN,"Beras (beras lokal, kualitas unggul, impor)",Beras ketan,Jagung basah dengan kulit,Jagung pipilan/beras jagung/jagung titil,Tepung terigu,Padi-padian lainnya,2023
,2023,2023,2023,2023,2023,2023,2023,2023
Simeulue,0,2.046,0.017,0.006,-,0.004,-,2023
Aceh Singkil,0,1.711,0.011,0.021,0.006,0.064,0.001,2023
Aceh Selatan,0,1.831,0.014,0.023,0.001,0.009,0.001,2023
Aceh Tenggara,0,2.09,0.008,0.003,-,0.007,0.001,2023
Aceh Timur,0,1.716,0.009,0.019,0.003,0.019,0,2023
Aceh Tengah,0,1.71,0.006,0.017,0.002,0.024,0,2023
Aceh Barat,0,1.525,0.006,0.031,0.003,0.006,-,2023
Aceh Besar,0,1.658,0.004,0.022,0.001,0.021,0.002,2023
Pidie,0,1.983,0.012,0.013,0,0.017,0.001,2023
Bireuen,0,1.664,0.004,0.02,0,0.008,0.001,2023
Aceh Utara,0,1.507,0.032,0.024,0.004,0.044,-,2023
Aceh Barat Daya,0,1.757,0.008,0.038,0,0.019,0.001,2023
Gayo Lues,0,2.199,0.034,0.032,0,0.024,-,2023
Aceh Tamiang,0,1.375,0.004,0.012,0.004,0.041,0.001,2023
Nagan Raya,0,1.734,0.039,0.081,0.005,0.079,0.007,2023
Aceh Jaya,0,1.963,0.006,0.051,0.004,0.01,0.002,2023
Bener Meriah,0,1.732,0.014,0.018,0.003,0.062,0.001,2023
Pidie Jaya,0,1.768,0.008,0.032,0.001,0.018,0.001,2023
Kota Banda Aceh,0,1.204,0.002,0.03,0.002,0.017,0.001,2023
Kota Sabang,0,1.536,0.001,0.019,-,0.015,-,2023
Kota Langsa,0,1.276,0.001,0.008,-,0.01,0.001,2023
Kota Lhokseumawe,0,1.296,0.003,0.018,0,0.016,-,2023
Kota Subulussalam,0,1.816,0.003,0.01,0.019,0.032,-,2023
Nias,0,2.484,0.002,0.001,-,0.008,0,2023
Mandailing Natal,0,2.228,0,0.009,0.001,0.01,-,2023
Tapanuli Selatan,0,2.151,0.002,0.007,-,0.012,-,2023
Tapanuli Tengah,0,1.888,0.001,0.005,-,0.009,0,2023
Tapanuli Utara,0,2.018,0.002,0.012,0.002,0.017,-,2023
Toba Samosir,0,2.077,0.002,0.018,-,0.013,0.004,2023
Labuhan Batu,0,1.725,0.001,0.025,0.001,0.038,0.001,2023
Asahan,0,1.486,0.006,0.021,0.009,0.027,0.002,2023
Simalungun,0,1.651,0.003,0.033,0.006,0.029,0.001,2023
Dairi,0,1.989,0.004,0.005,-,0.005,0,2023
Karo,0,2.056,0.016,0.019,-,0.013,-,2023
Deli Serdang,0,1.553,0.007,0.026,0.002,0.025,0.001,2023
Langkat,0,1.55,0.005,0.016,0.003,0.043,0.003,2023
Nias Selatan,0,2.473,0,-,-,0.009,-,2023
Humbang Hasundutan,0,2.304,0.001,0.004,0.001,0.015,-,2023
Pakpak Bharat,0,2.108,0.011,0.009,0.001,0.017,-,2023
Samosir,0,2.213,0.001,0.006,0.002,0.017,-,2023
Serdang Bedagai,0,1.672,0.014,0.016,0.005,0.028,0,2023
Batu Bara,0,1.501,0.006,0.014,0.003,0.023,0.003,2023
Padang Lawas Utara,0,2.41,0.001,0.002,0,0.014,-,2023
Padang Lawas,0,2.012,0.003,0.014,-,0.016,-,2023
Labuhan Batu Selatan,0,1.715,0.01,0.003,0,0.036,0,2023
Labuhan Batu Utara,0,1.754,0.001,0.02,0.003,0.018,0,2023
Nias Utara,0,2.538,0.001,0.014,0.002,0.019,-,2023
Nias Barat,0,2.489,0,0.004,-,0.002,-,2023
Kota Sibolga,0,1.5,0.001,0.004,-,0.005,0.001,2023
Kota Tanjung Balai,0,1.585,0.001,0.03,0.003,0.022,0.001,2023
Kota Pematang Siantar,0,1.472,0.003,0.038,0.003,0.026,0,2023
Kota Tebing Tinggi,0,1.425,0.002,0.016,0,0.016,0,2023
Kota Medan,0,1.447,0.002,0.033,0.004,0.029,0.001,2023
Kota Binjai,0,1.322,0.006,0.015,0.001,0.025,-,2023
Kota Padangsidimpuan,0,1.68,0.011,0.011,0.001,0.006,0.004,2023
Kota Gunungsitoli,0,1.963,-,0.002,-,0.007,-,2023
Kepulauan Mentawai,0,1.421,0.008,0,-,0.033,0.003,2023
Pesisir Selatan,0,1.724,0.003,0.011,0.001,0.021,0,2023
Solok,0,2.032,0.003,0.041,0.001,0.024,-,2023
Sijunjung,0,1.564,0.005,0.02,0,0.031,0.002,2023
Tanah Datar,0,1.679,0.006,0.004,0,0.016,0,2023
Padang Pariaman,0,1.445,0,0.004,0.001,0.009,0.002,2023
Agam,0,1.713,0.005,0.01,0.001,0.021,0,2023
Lima Puluh Kota,0,1.786,0.002,0.008,-,0.004,-,2023
Pasaman,0,1.919,0.001,0.011,-,0.007,0.001,2023
Solok Selatan,0,1.772,0.012,0.04,0.001,0.031,-,2023
Dharmasraya,0,1.48,0.003,0.023,0.001,0.037,0,2023
Pasaman Barat,0,1.86,0.022,0.008,0,0.017,0.001,2023
Kota Padang,0,1.276,0.003,0.007,-,0.02,0.001,2023
Kota Solok,0,1.433,0.001,0.01,-,0.015,0.003,2023
Kota Sawah Lunto,0,1.5,0.001,0.019,-,0.036,0.005,2023
Kota Padang Panjang,0,1.394,0.003,0.006,-,0.026,-,2023
Kota Bukittinggi,0,1.279,0.003,0.012,0,0.019,0.002,2023
Kota Payakumbuh,0,1.425,0.002,0.014,0.001,0.016,0,2023
Kota Pariaman,0,1.243,0.001,0.002,0,0.013,0.006,2023
Kuantan Singingi,0,1.358,0.005,0.015,0.002,0.049,0,2023
Indragiri Hulu,0,1.45,0.001,0.023,0,0.051,0.001,2023
Indragiri Hilir,0,1.434,0.01,0.017,0.005,0.096,0.001,2023
Pelalawan,0,1.788,0.005,0.037,0.007,0.052,-,2023
Siak,0,1.42,0.002,0.031,0.003,0.072,-,2023
Kampar,0,1.506,0.007,0.018,0,0.046,-,2023
Rokan Hulu,0,1.782,0,0.016,-,0.042,-,2023
Bengkalis,0,1.422,0.005,0.029,0.001,0.072,0.001,2023
Rokan Hilir,0,1.49,0,0.009,0.01,0.037,0.001,2023
Kepulauan Meranti,0,1.513,0.003,0.018,0.005,0.102,0,2023
Kota Pekanbaru,0,1.15,0.004,0.024,0.002,0.031,0.002,2023
Kota Dumai,0,1.372,0.002,0.026,0.001,0.046,0.001,2023
Kerinci,0,1.776,0.005,0.055,0.003,0.041,0.001,2023
Merangin,0,1.588,0.008,0.016,0.004,0.043,0,2023
Sarolangun,0,1.613,0.005,0.02,0.003,0.063,-,2023
Batang Hari,0,1.517,0.009,0.009,0,0.086,0,2023
Muaro Jambi,0,1.358,0.006,0.034,0.005,0.116,0,2023
Tanjung Jabung Timur,0,1.512,0.028,0.042,0.002,0.126,-,2023
Tanjung Jabung Barat,0,1.388,0.013,0.031,0.002,0.118,0.002,2023
Tebo,0,1.608,0.01,0.011,0.001,0.072,-,2023
Bungo,0,1.435,0.016,0.043,0,0.04,0,2023
Kota Jambi,0,1.134,0.003,0.035,0.001,0.083,0.003,2023
Kota Sungai Penuh,0,1.49,0.006,0.007,0,0.029,0,2023
Ogan Komering Ulu,0,1.635,0.005,0.02,0.001,0.101,0.001,2023
Ogan Komering Ilir,0,1.621,0.015,0.039,0.002,0.145,0.002,2023
Muara Enim,0,1.523,0.015,0.033,0,0.131,0.001,2023
Lahat,0,1.974,0.004,0.023,0.003,0.106,0.001,2023
Musi Rawas,0,1.793,0.008,0.028,0,0.102,-,2023
Musi Banyuasin,0,1.651,0.01,0.018,0.002,0.14,0.002,2023
Banyu Asin,0,1.562,0.017,0.019,0,0.152,0.005,2023
Ogan Komering Ulu Selatan,0,1.954,0.004,0.008,0.001,0.041,-,2023
Ogan Komering Ulu Timur,0,1.526,0.007,0.025,0.002,0.09,0.003,2023
Ogan Ilir,0,1.426,0.027,0.015,0,0.156,0.001,2023
Empat Lawang,0,1.956,0.013,0.039,0.002,0.11,-,2023
Penukal Abab Lematang Ilir,0,1.873,0.006,0.02,0.002,0.141,0.001,2023
Musi Rawas Utara,0,1.811,0.005,0.032,0,0.12,0,2023
Kota Palembang,0,1.255,0.009,0.03,0,0.145,0.009,2023
Kota Prabumulih,0,1.351,0.005,0.029,0.001,0.099,0.01,2023
Kota Pagar Alam,0,1.666,0.001,0.018,0,0.072,0,2023
Kota Lubuklinggau,0,1.591,0.005,0.04,0.002,0.068,0,2023
Bengkulu Selatan,0,1.794,0.008,0.052,-,0.049,0.002,2023
Rejang Lebong,0,1.798,0.004,0.03,0.008,0.064,-,2023
Bengkulu Utara,0,1.65,0.009,0.053,0.005,0.065,-,2023
Kaur,0,2.081,0.009,0.037,-,0.061,-,2023
Seluma,0,1.712,0.007,0.026,0.002,0.046,-,2023
Mukomuko,0,1.68,0.001,0.032,0.001,0.039,0,2023
Lebong,0,2.176,0.003,0.021,0,0.038,-,2023
Kepahiang,0,1.841,0.006,0.049,0.002,0.074,0.001,2023
Bengkulu Tengah,0,1.786,0.002,0.027,0.001,0.034,0.001,2023
Kota Bengkulu,0,1.323,0.001,0.049,0.001,0.052,0,2023
Lampung Barat,0,1.878,0.01,0.01,0.001,0.108,0.002,2023
Tanggamus,0,1.758,0.007,0.027,0.002,0.105,0,2023
Lampung Selatan,0,1.588,0.005,0.034,0.005,0.096,0,2023
Lampung Timur,0,1.6,0.012,0.021,0.002,0.08,0,2023
Lampung Tengah,0,1.599,0.008,0.034,0.001,0.088,0.003,2023
Lampung Utara,0,1.543,0.003,0.023,0.002,0.085,0.001,2023
Way Kanan,0,1.702,0.007,0.029,0.003,0.114,-,2023
Tulangbawang,0,1.648,0.001,0.016,0.003,0.05,-,2023
Pesawaran,0,1.667,0.005,0.017,0.004,0.105,0,2023
Pringsewu,0,1.564,0.004,0.015,0.003,0.098,0,2023
Mesuji,0,1.711,0.001,0.02,0.001,0.069,0.003,2023
Tulang Bawang Barat,0,1.613,0.001,0.01,0.001,0.053,0.001,2023
Pesisir Barat,0,1.818,0.002,0.006,0.001,0.034,0,2023
Kota Bandar Lampung,0,1.267,0.003,0.032,0.005,0.061,0.003,2023
Kota Metro,0,1.236,0.003,0.03,0.001,0.037,0,2023
Bangka,0,1.412,0.005,0.058,0.005,0.068,-,2023
Belitung,0,1.431,0.001,0.003,0.006,0.047,-,2023
Bangka Barat,0,1.415,0.004,0.02,0.001,0.067,-,2023
Bangka Tengah,0,1.464,0.023,0.032,0.001,0.067,0,2023
Bangka Selatan,0,1.661,0.014,0.013,0.002,0.058,-,2023
Belitung Timur,0,1.552,0.002,0.017,0.002,0.05,0,2023
Kota Pangkal Pinang,0,1.247,0,0.035,0.004,0.065,-,2023
Karimun,0,1.307,0.007,0.014,0.002,0.055,0.001,2023
Bintan,0,1.326,0.005,0.02,0.001,0.083,0,2023
Natuna,0,1.32,0.008,0.011,0.001,0.143,0.001,2023
Lingga,0,1.403,0.001,0.004,0.001,0.082,-,2023
Kepulauan Anambas,0,1.14,0.002,0.006,0.001,0.089,0.001,2023
Kota Batam,0,1.226,0.004,0.037,0.001,0.065,0.003,2023
Kota Tanjung Pinang,0,1.125,0.003,0.026,0.002,0.043,0.001,2023
Kep. Seribu,0,1.674,0.003,0.007,-,0.027,-,2023
Kota Jakarta Selatan,0,1.326,0.006,0.037,0.002,0.057,0,2023
Kota Jakarta Timur,0,1.331,0.006,0.023,0.004,0.065,0,2023
Kota Jakarta Pusat,0,1.263,0.001,0.017,0,0.031,0.002,2023
Kota Jakarta Barat,0,1.336,0.001,0.041,0.002,0.046,0.002,2023
Kota Jakarta Utara,0,1.349,0.009,0.028,0.003,0.063,0.001,2023
Bogor,0,1.55,0.005,0.017,0.001,0.062,0.001,2023
Sukabumi,0,1.886,0.021,0.059,0.002,0.087,0.001,2023
Cianjur,0,1.929,0.011,0.04,0.002,0.076,0,2023
Bandung,0,1.44,0.004,0.023,0.004,0.058,0,2023
Garut,0,1.608,0.013,0.034,0.005,0.093,0,2023
Tasikmalaya,0,1.683,0.006,0.007,0.003,0.086,0.001,2023
Ciamis,0,1.786,0.017,0.034,0.003,0.114,0,2023
Kuningan,0,1.446,0.013,0.019,0.004,0.078,0.002,2023
Cirebon,0,1.481,0.006,0.014,0.001,0.04,0,2023
Majalengka,0,1.545,0.004,0.007,0.004,0.06,0,2023
Sumedang,0,1.647,0.014,0.016,0,0.08,0.001,2023
Indramayu,0,1.573,0.003,0.019,0,0.026,0.001,2023
Subang,0,1.808,0.009,0.005,0.001,0.024,0,2023
Purwakarta,0,1.781,0.011,0.02,0.001,0.074,0.001,2023
Karawang,0,1.807,0.002,0.018,0.001,0.027,-,2023
Bekasi,0,1.486,0.001,0.014,0.002,0.039,0,2023
Bandung Barat,0,1.572,0.006,0.024,0.002,0.077,0.001,2023
Pangandaran,0,1.921,0.013,0.016,0.001,0.12,-,2023
Kota Bogor,0,1.406,0.001,0.026,0.003,0.065,0.001,2023
Kota Sukabumi,0,1.496,0.005,0.026,0.004,0.047,0.004,2023
Kota Bandung,0,1.302,0.007,0.016,0.003,0.058,0,2023
Kota Cirebon,0,1.311,0.003,0.011,0.001,0.042,-,2023
Kota Bekasi,0,1.321,0.002,0.024,0.001,0.065,0.001,2023
Kota Depok,0,1.309,0.001,0.028,0.001,0.075,0.002,2023
Kota Cimahi,0,1.238,0.003,0.008,0.007,0.074,0.003,2023
Kota Tasikmalaya,0,1.811,0.002,0.001,0.001,0.084,0.005,2023
Kota Banjar,0,1.729,0.002,0.012,0.001,0.096,0.001,2023
Cilacap,0,1.576,0.005,0.014,0.002,0.084,0,2023
Banyumas,0,1.406,0.004,0.039,0.003,0.082,0.005,2023
Purbalingga,0,1.309,0.001,0.012,0.013,0.086,0.007,2023
Banjarnegara,0,1.294,0.006,0.009,0.061,0.098,0.005,2023
Kebumen,0,1.382,0.003,0.019,0.002,0.087,0.004,2023
Purworejo,0,1.322,0.004,0.014,0,0.078,0.001,2023
Wonosobo,0,1.253,0.014,0.02,0.045,0.088,0.003,2023
Magelang,0,1.271,0.005,0.014,0.012,0.1,0.001,2023
Boyolali,0,1.187,0.002,0.005,0.002,0.072,0.005,2023
Klaten,0,1.304,0.002,0.006,0.001,0.074,0.001,2023
Sukoharjo,0,1.213,0.007,0.011,0,0.072,0.002,2023
Wonogiri,0,1.409,0.006,0.011,0.007,0.07,0.004,2023
Karanganyar,0,1.299,0.004,0.005,0.004,0.081,0.001,2023
Sragen,0,1.469,0.004,0.014,0.007,0.071,0.002,2023
Grobogan,0,1.512,0.01,0.022,0.002,0.096,0.003,2023
Blora,0,1.521,0.011,0.024,0.013,0.038,0.005,2023
Rembang,0,1.54,0.022,0.017,0.021,0.045,0.002,2023
Pati,0,1.481,0.002,0.017,0.001,0.062,0.011,2023
Kudus,0,1.273,0.001,0.012,0.001,0.048,0.005,2023
Jepara,0,1.393,0,0.01,0,0.054,0.003,2023
Demak,0,1.399,0.002,0.019,0.001,0.041,0,2023
Semarang,0,1.262,0.007,0.006,0.002,0.087,0.001,2023
Temanggung,0,1.358,0.012,0.011,0.021,0.072,0.001,2023
Kendal,0,1.418,0.004,0.015,0.008,0.069,0,2023
Batang,0,1.436,0.002,0.005,0.016,0.051,0.002,2023
Pekalongan,0,1.399,0.01,0.004,0.006,0.049,0.007,2023
Pemalang,0,1.39,0.016,0.014,0.023,0.056,0.013,2023
Tegal,0,1.374,0.001,0.007,0.002,0.045,0.002,2023
Brebes,0,1.54,0.008,0.008,0.001,0.046,0.001,2023
Kota Magelang,0,1.079,0,0.024,0.001,0.059,0.001,2023
Kota Surakarta,0,1.168,0.003,0.011,0.001,0.042,0,2023
Kota Salatiga,0,1.094,0,0.036,0.001,0.057,0.003,2023
Kota Semarang,0,1.183,0.001,0.021,0.001,0.038,0.002,2023
Kota Pekalongan,0,1.256,0.001,0.007,0.001,0.024,0.001,2023
Kota Tegal,0,1.132,0.003,0.02,0.002,0.035,0.001,2023
Kulon Progo,0,1.343,0.005,0.02,0.002,0.08,0.002,2023
Bantul,0,1.163,0.012,0.017,0.002,0.057,0.003,2023
Gunung Kidul,0,1.554,0.006,0.003,0.013,0.065,0.003,2023
Sleman,0,1.115,0.005,0.039,0.003,0.081,0.003,2023
Kota Yogyakarta,0,1.054,0.001,0.032,0.003,0.038,0.001,2023
Pacitan,0,1.543,0.006,0.015,0.001,0.059,-,2023
Ponorogo,0,1.39,0.003,0.035,0.004,0.069,0.014,2023
Trenggalek,0,1.561,0.018,0.024,0.002,0.026,0.01,2023
Tulungagung,0,1.407,0.003,0.028,0.002,0.029,0.004,2023
Blitar,0,1.25,0.004,0.036,0.013,0.024,0.007,2023
Kediri,0,1.456,0.009,0.048,0.028,0.038,0.004,2023
Malang,0,1.377,0.01,0.064,0.047,0.053,0.006,2023
Lumajang,0,1.693,0.012,0.107,0.084,0.066,0.002,2023
Jember,0,1.66,0.004,0.132,0.051,0.057,0.002,2023
Banyuwangi,0,1.653,0.003,0.125,0.012,0.031,0.002,2023
Bondowoso,0,1.54,0.003,0.105,0.066,0.057,0.002,2023
Situbondo,0,1.646,0.002,0.079,0.06,0.029,0.001,2023
Probolinggo,0,1.693,0.004,0.052,0.121,0.032,0.002,2023
Pasuruan,0,1.508,0.006,0.07,0.057,0.047,0.001,2023
Sidoarjo,0,1.248,0.003,0.063,0.003,0.034,0.001,2023
Mojokerto,0,1.454,0.004,0.135,0.012,0.05,0.003,2023
Jombang,0,1.314,0.004,0.073,0.011,0.033,0.004,2023
Nganjuk,0,1.506,0.005,0.055,0.011,0.049,0.002,2023
Madiun,0,1.44,0.018,0.045,0.004,0.063,0.004,2023
Magetan,0,1.408,0.001,0.026,0.001,0.058,0.003,2023
Ngawi,0,1.576,0.001,0.02,0.003,0.065,0.001,2023
Bojonegoro,0,1.726,0.001,0.069,0.009,0.065,0.027,2023
Tuban,0,1.588,0.017,0.063,0.033,0.055,0.007,2023
Lamongan,0,1.66,0.006,0.056,0.026,0.059,0.003,2023
Gresik,0,1.249,0.002,0.058,0.004,0.054,0.003,2023
Bangkalan,0,1.738,0.006,0.022,0.097,0.035,0.001,2023
Sampang,0,1.904,0,0.006,0.131,0.008,-,2023
Pamekasan,0,1.473,0.002,0.013,0.169,0.029,0,2023
Sumenep,0,1.589,0.014,0.032,0.315,0.059,0.001,2023
Kota Kediri,0,1.248,0,0.057,0.004,0.025,0.001,2023
Kota Blitar,0,1.123,0.002,0.037,0.007,0.021,0.002,2023
Kota Malang,0,1.173,0.004,0.046,0.012,0.046,0.004,2023
Kota Probolinggo,0,1.488,0.001,0.048,0.036,0.018,0.013,2023
Kota Pasuruan,0,1.311,0.001,0.054,0.006,0.04,0.001,2023
Kota Mojokerto,0,1.243,0.002,0.074,0.002,0.028,0.002,2023
Kota Madiun,0,1.169,0.002,0.035,0.004,0.038,0,2023
Kota Surabaya,0,1.255,0.001,0.066,0.004,0.037,0.002,2023
Kota Batu,0,1.204,0.004,0.036,0.015,0.064,0,2023
Pandeglang,0,2.133,0.007,0.016,0.001,0.055,0,2023
Lebak,0,1.974,0.023,0.026,0.002,0.116,0,2023
Tangerang,0,1.541,0.005,0.03,0.003,0.061,0,2023
Serang,0,1.656,0.017,0.033,0.001,0.076,0,2023
Kota Tangerang,0,1.461,0.006,0.046,0.004,0.061,0,2023
Kota Cilegon,0,1.297,0.005,0.044,0.001,0.049,0.001,2023
Kota Serang,0,1.531,0.006,0.034,0.005,0.06,0.001,2023
Kota Tangerang Selatan,0,1.302,0.009,0.036,0.001,0.06,0.001,2023
Jembrana,0,1.963,0.002,0.049,0.005,0.01,0,2023
Tabanan,0,1.878,0.002,0.028,0.001,0.008,0.001,2023
Badung,0,1.651,0.002,0.061,0.002,0.015,-,2023
Gianyar,0,1.925,0.001,0.025,0.002,0.001,0,2023
Klungkung,0,2.072,0.014,0.059,0.092,0.003,0,2023
Bangli,0,1.95,0.001,0.037,0.003,0.01,0.002,2023
Karangasem,0,2.112,0.004,0.019,0.009,0.004,0,2023
Buleleng,0,2.033,0.002,0.062,0.037,0.008,0.001,2023
Kota Denpasar,0,1.534,0.002,0.082,0.003,0.014,0.001,2023
Lombok Barat,0,1.778,0.004,0.125,0.007,0.015,0.001,2023
Lombok Tengah,0,1.826,0.012,0.099,0.004,0.025,0.002,2023
Lombok Timur,0,2.149,0.013,0.137,0.007,0.027,0,2023
Sumbawa,0,1.835,0.011,0.111,0.003,0.043,0,2023
Dompu,0,1.916,0.003,0.075,0.005,0.007,0,2023
Bima,0,1.896,0.01,0.116,0.003,0.009,0.001,2023
Sumbawa Barat,0,1.976,0.006,0.082,0.01,0.024,0.002,2023
Lombok Utara,0,1.933,0.003,0.088,0.006,0.021,0.002,2023
Kota Mataram,0,1.558,0.002,0.084,0.008,0.022,0.002,2023
Kota Bima,0,1.683,0,0.058,0.003,0.013,0,2023
Sumba Barat,0,1.972,-,0.018,0.216,0.005,0,2023
Sumba Timur,0,2.207,0.002,0.09,0.239,0.008,-,2023
Kupang,0,2.002,0.001,0.166,0.177,0.034,0,2023
Timor Tengah Selatan,0,1.669,-,0.304,0.317,0.05,0.001,2023
Timor Tengah Utara,0,2.027,-,0.19,0.103,0.028,-,2023
Belu,0,2.02,0,0.072,0.109,0.007,0,2023
Alor,0,1.483,0.002,0.189,0.184,0.06,0.002,2023
Lembata,0,1.594,0,0.121,0.278,0.053,0.014,2023
Flores Timur,0,2.216,0.001,0.078,0.164,0.06,0.002,2023
Sikka,0,1.899,0.02,0.074,0.061,0.009,0.004,2023
Ende,0,2.362,0.001,0.169,0.032,0.022,0.003,2023
Ngada,0,1.813,0.007,0.075,0.159,0.017,0.004,2023
Manggarai,0,2.363,0,0.024,0.084,0.017,0.001,2023
Rote Ndao,0,1.987,0,0.074,0.006,0.024,0,2023
Manggarai Barat,0,2.315,0.001,0.023,0.028,0.021,0.004,2023
Sumba Tengah,0,1.815,0.003,0.054,0.418,0.003,-,2023
Sumba Barat Daya,0,1.729,0,0.075,0.565,0.01,0,2023
Nagekeo,0,1.859,0.001,0.083,0.154,0.016,0.001,2023
Manggarai Timur,0,2.739,0.001,0.057,0.165,0.025,0,2023
Sabu Raijua,0,2.336,0.003,0.185,0.016,0.009,0.002,2023
Malaka,0,2.07,0.004,0.151,0.169,0.007,-,2023
Kota Kupang,0,1.651,0.003,0.065,0.033,0.025,0,2023
Sambas,0,1.622,0.007,0.017,0.001,0.054,0,2023
Bengkayang,0,1.942,0.015,0.022,0.003,0.03,-,2023
Landak,0,1.982,0.027,0.015,0.004,0.035,-,2023
Mempawah,0,1.62,0.005,0.019,0.007,0.054,0.001,2023
Sanggau,0,1.504,0.004,0.005,0.003,0.024,0,2023
Ketapang,0,1.545,0.021,0.005,0,0.022,0,2023
Sintang,0,1.697,0.007,0.01,-,0.023,0.001,2023
Kapuas Hulu,0,1.759,0.028,0.031,0.001,0.071,-,2023
Sekadau,0,1.783,0.014,0.005,-,0.042,-,2023
Melawi,0,1.739,0.007,0.005,0.002,0.039,0,2023
Kayong Utara,0,1.76,0.011,0.01,0.001,0.046,0.001,2023
Kubu Raya,0,1.511,0.009,0.019,0.014,0.048,0.001,2023
Kota Pontianak,0,1.232,0.005,0.04,0.014,0.044,0.003,2023
Kota Singkawang,0,1.317,0.008,0.02,0.004,0.035,0.004,2023
Kotawaringin Barat,0,1.519,0.007,0.033,0.004,0.063,0.003,2023
Kotawaringin Timur,0,1.629,0.006,0.018,0.003,0.053,0.001,2023
Kapuas,0,1.752,0.001,0.028,0.002,0.069,0.001,2023
Barito Selatan,0,1.976,0.001,0.017,0.001,0.061,0,2023
Barito Utara,0,1.561,0.005,0.029,0,0.054,-,2023
Sukamara,0,1.508,0.002,0.005,0.002,0.04,0.004,2023
Lamandau,0,1.577,0.006,0.034,0.002,0.085,0,2023
Seruyan,0,1.676,0.003,0.018,0,0.059,-,2023
Katingan,0,1.599,0.018,0.014,0,0.034,0,2023
Pulang Pisau,0,1.82,0,0.019,0.001,0.086,-,2023
Gunung Mas,0,1.588,0.004,0.043,0.001,0.028,-,2023
Barito Timur,0,1.711,0.002,0.023,-,0.094,0.001,2023
Murung Raya,0,1.721,0.004,0.024,-,0.019,0,2023
Kota Palangka Raya,0,1.352,0.002,0.025,0.001,0.044,0,2023
Tanah Laut,0,1.582,0,0.03,0.001,0.07,0.002,2023
Kota Baru,0,1.446,0.004,0.028,0.004,0.08,0.001,2023
Banjar,0,1.574,0.001,0.047,0.001,0.065,0,2023
Barito Kuala,0,1.727,0.003,0.036,0.002,0.057,0,2023
Tapin,0,1.638,0.002,0.036,0.001,0.053,0.002,2023
Hulu Sungai Selatan,0,1.712,0.003,0.024,0.001,0.037,0,2023
Hulu Sungai Tengah,0,1.714,0.003,0.078,0.001,0.051,0.001,2023
Hulu Sungai Utara,0,1.693,0.001,0.039,0.002,0.059,0,2023
Tabalong,0,1.45,0.004,0.012,0,0.106,0.002,2023
Tanah Bumbu,0,1.337,0.004,0.039,0.005,0.08,0.001,2023
Balangan,0,1.634,0.003,0.035,0.002,0.077,-,2023
Kota Banjarmasin,0,1.432,0.001,0.029,0.001,0.026,0.001,2023
Kota Banjar Baru,0,1.245,0.002,0.055,0.001,0.062,0.003,2023
Paser,0,1.354,0.007,0.024,0.011,0.097,0,2023
Kutai Barat,0,1.542,0.006,0.053,0.001,0.05,0,2023
Kutai Kartanegara,0,1.418,0.009,0.032,0.002,0.065,0.001,2023
Kutai Timur,0,1.502,0.008,0.019,0.002,0.065,0,2023
Berau,0,1.378,0.008,0.029,0.002,0.062,0.002,2023
Penajam Paser Utara,0,1.47,0.005,0.035,0.008,0.075,0,2023
Mahakam Ulu,0,1.56,0.031,0.014,0.001,0.053,0,2023
Kota Balikpapan,0,1.29,0.003,0.038,0.003,0.055,0.001,2023
Kota Samarinda,0,1.201,0.004,0.04,0.004,0.066,0.001,2023
Kota Bontang,0,1.188,0.004,0.053,0.005,0.05,0.002,2023
Malinau,0,1.639,0.021,0.027,0.001,0.048,0.001,2023
Bulungan,0,1.642,0.005,0.019,0.002,0.072,0.001,2023
Tana Tidung,0,1.432,0.011,0.019,0.002,0.087,0.003,2023
Nunukan,0,1.499,0.003,0.064,0.009,0.076,0.001,2023
Kota Tarakan,0,1.335,0.003,0.032,0.002,0.066,0.001,2023
Bolaang Mongondow,0,1.939,0.001,0.031,0.032,0.058,0,2023
Minahasa,0,1.874,0.002,0.039,0.012,0.061,0,2023
Kepulauan Sangihe,0,1.693,0.002,0.001,-,0.04,-,2023
Kepulauan Talaud,0,1.716,0.005,0.003,0.004,0.065,-,2023
Minahasa Selatan,0,2.039,0.001,0.014,0.018,0.059,0,2023
Minahasa Utara,0,1.785,0.004,0.02,0,0.053,0,2023
Bolaang Mongondow Utara,0,1.979,0.015,0.027,0.012,0.052,-,2023
Siau Tagulandang Biaro,0,1.873,0.001,0.003,0.002,0.024,-,2023
Minahasa Tenggara,0,2.074,0.005,0.009,0.002,0.048,-,2023
Bolaang Mongondow Selatan,0,1.841,0.004,0.011,0.101,0.038,-,2023
Bolaang Mongondow Timur,0,2.087,0.002,0.02,0.014,0.047,0,2023
Kota Manado,0,1.609,0,0.009,0.01,0.027,0,2023
Kota Bitung,0,1.981,0.002,0.021,0.009,0.046,-,2023
Kota Tomohon,0,1.845,0,0.021,0.015,0.04,0.001,2023
Kota Kotamobagu,0,1.755,0.002,0.022,0.012,0.045,0,2023
Banggai Kepulauan,0,1.822,0.002,0.029,0,0.009,-,2023
Banggai,0,1.975,0.002,0.036,0.004,0.029,0,2023
Morowali,0,1.979,0.011,0.029,0,0.056,0,2023
Poso,0,2.1,0.003,0.028,0.003,0.052,0,2023
Donggala,0,2.346,0.008,0.068,0.032,0.053,0.001,2023
Toli-Toli,0,1.66,0.006,0.073,0.003,0.045,0.001,2023
Buol,0,1.637,0.001,0.063,0.003,0.039,-,2023
Parigi Moutong,0,1.768,0.007,0.071,0.015,0.039,0.001,2023
Tojo Una-Una,0,1.737,0,0.026,0.02,0.033,-,2023
Sigi,0,1.949,0.006,0.038,0.026,0.057,-,2023
Banggai Laut,0,2.041,0.006,0.007,0.001,0.025,0.002,2023
Morowali Utara,0,1.958,0.008,0.037,0.024,0.051,0,2023
Kota Palu,0,1.786,0.004,0.064,0.012,0.06,0.002,2023
Kepulauan Selayar,0,1.859,0.018,0.038,0.08,0.146,0.002,2023
Bulukumba,0,1.818,0.032,0.09,0.058,0.145,0.003,2023
Bantaeng,0,1.629,0.014,0.043,0.07,0.118,0.003,2023
Jeneponto,0,1.991,0.014,0.038,0.013,0.143,0.01,2023
Takalar,0,1.92,0.009,0.026,0.003,0.138,-,2023
Gowa,0,1.88,0.025,0.072,0.007,0.131,-,2023
Sinjai,0,1.707,0.025,0.108,0.021,0.112,0.001,2023
Maros,0,1.882,0.005,0.092,0.004,0.112,0,2023
Pangkajene dan Kepulauan,0,2.199,0.021,0.06,0.006,0.155,0.003,2023
Barru,0,1.823,0.01,0.055,0,0.128,0,2023
Bone,0,1.799,0.019,0.098,0.003,0.121,0.002,2023
Soppeng,0,1.769,0.024,0.058,0.005,0.082,0.001,2023
Wajo,0,1.565,0.05,0.074,0.005,0.099,0.011,2023
Sidenreng Rappang,0,1.738,0.007,0.062,0.008,0.047,0.001,2023
Pinrang,0,1.586,0.008,0.056,0.011,0.079,0.004,2023
Enrekang,0,1.747,0.014,0.035,0.004,0.075,0.008,2023
Luwu,0,1.846,0.032,0.046,0.001,0.077,0.003,2023
Tana Toraja,0,2.108,0.011,0.036,0.025,0.037,0,2023
Luwu Utara,0,1.992,0.011,0.106,0.008,0.082,0.003,2023
Luwu Timur,0,1.916,0.01,0.056,0.006,0.048,0.001,2023
Toraja Utara,0,2.1,0.031,0.037,-,0.033,0.001,2023
Kota Makasar,0,1.68,0.005,0.055,0.004,0.072,0.002,2023
Kota Parepare,0,1.664,0.006,0.069,0.014,0.049,0.011,2023
Kota Palopo,0,1.597,0.001,0.062,0.005,0.049,0.003,2023
Buton,0,1.844,0.015,0.09,0.046,0.053,-,2023
Muna,0,1.893,0,0.051,0.118,0.036,0.001,2023
Konawe,0,1.882,0.001,0.07,0.001,0.073,0.006,2023
Kolaka,0,1.89,0.015,0.041,0.001,0.085,0,2023
Konawe Selatan,0,1.885,0.002,0.06,0.002,0.067,-,2023
Bombana,0,1.966,0.005,0.064,0.007,0.078,0.005,2023
Wakatobi,0,1.908,0.004,0.016,0.004,0.022,-,2023
Kolaka Utara,0,1.839,0.012,0.09,0.004,0.082,0.001,2023
Buton Utara,0,2.063,0.004,0.049,0.006,0.03,0,2023
Konawe Utara,0,1.7,0.001,0.068,0.007,0.047,0.002,2023
Kolaka Timur,0,1.844,0.003,0.037,0,0.082,0,2023
Konawe Kepulauan,0,1.882,0.002,0.041,0.004,0.061,0,2023
Muna Barat,0,1.944,0.001,0.046,0.088,0.028,0,2023
Buton Tengah,0,1.753,0.001,0.016,0.04,0.032,0,2023
Buton Selatan,0,1.807,0.003,0.076,0.117,0.018,0.014,2023
Kota Kendari,0,1.688,0.01,0.055,0.009,0.046,0.005,2023
Kota Baubau,0,1.675,0.012,0.018,0.009,0.021,0.005,2023
Boalemo,0,1.92,0.003,0.123,0.168,0.043,-,2023
Gorontalo,0,1.81,0.001,0.048,0.076,0.018,-,2023
Pohuwato,0,1.881,0,0.041,0.047,0.017,-,2023
Bone Bolango,0,1.634,0,0.031,0.066,0.02,-,2023
Gorontalo Utara,0,1.898,0.004,0.066,0.058,0.023,0,2023
Kota Gorontalo,0,1.58,0.002,0.036,0.013,0.014,-,2023
Majene,0,2.052,0.01,0.055,0,0.124,0.001,2023
Polewali Mandar,0,2.125,0.014,0.092,0.004,0.112,0,2023
Mamasa,0,2.179,0.01,0.011,0.002,0.046,0.001,2023
Mamuju,0,1.914,0.018,0.087,0.008,0.077,0,2023
Mamuju Utara,0,1.944,0.008,0.08,0.005,0.112,0,2023
Mamuju Tengah,0,1.903,0.008,0.041,0.004,0.082,0.001,2023
Maluku Tenggara Barat,0,1.575,0,0.09,0.003,0.017,0.002,2023
Maluku Tenggara,0,1.672,0.001,0.006,-,0.021,-,2023
Maluku Tengah,0,1.514,0.002,0.041,0.005,0.072,-,2023
Buru,0,1.604,0.028,0.011,0,0.054,0,2023
Kepulauan Aru,0,1.41,0.001,0.004,0.001,0.009,-,2023
Seram Bagian Barat,0,1.455,0.005,0.019,0,0.048,0.002,2023
Seram Bagian Timur,0,1.222,0.002,0.007,0,0.071,-,2023
Maluku Barat Daya,0,1.727,0.003,0.09,0.597,0.056,0.001,2023
Buru Selatan,0,1.427,0.001,0.013,0.005,0.055,-,2023
Kota Ambon,0,1.498,0.001,0.012,0.003,0.029,-,2023
Kota Tual,0,1.892,0.003,0.004,0.005,0.026,0.003,2023
Halmahera Barat,0,1.863,0,0.013,-,0.042,0,2023
Halmahera Tengah,0,1.39,0.001,0.028,0,0.063,-,2023
Kepulauan Sula,0,2.093,0,0.038,0.002,0.014,-,2023
Halmahera Selatan,0,1.699,-,0.032,0,0.04,-,2023
Halmahera Utara,0,1.37,0,0.008,0.002,0.047,-,2023
Halmahera Timur,0,1.289,0.002,0.02,0.008,0.051,-,2023
Pulau Morotai,0,1.493,0.004,0.059,0.003,0.085,0,2023
Pulau Taliabu,0,2.013,0.003,0.021,0.001,0.031,-,2023
Kota Ternate,0,1.514,-,0.001,0,0.022,0,2023
Kota Tidore Kepulauan,0,1.477,0.001,0.024,0.004,0.03,0.001,2023
Fakfak,0,1.487,0.007,0.023,0.005,0.068,0,2023
Kaimana,0,1.398,0.006,0.028,0,0.057,0.001,2023
Teluk Wondama,0,1.271,-,0.021,0.002,0.024,-,2023
Teluk Bintuni,0,1.343,0.006,0.018,0.003,0.055,0,2023
Manokwari,0,1.522,0,0.018,0.002,0.029,0.001,2023
Manokwari Selatan,0,1.511,-,0.016,0.003,0.044,-,2023
Pegunungan Arfak,0,1.406,0.006,0.06,0.002,0.005,-,2023
Raja Ampat,0,1.569,0.001,0.009,0.001,0.093,-,2023
Sorong,0,1.49,0,0.022,0.002,0.08,-,2023
Sorong Selatan,0,0.714,0.001,0.003,-,0.018,-,2023
Maybrat,0,1.292,0.028,0.025,0,0.018,0,2023
Tambrauw,0,1.259,-,0.002,0.001,0.024,-,2023
Kota Sorong,0,1.509,0,0.014,0.001,0.044,0.004,2023
Jayapura,0,1.379,0.001,0.053,0.002,0.077,0.002,2023
Kepulauan Yapen,0,1.308,0,0.002,-,0.031,-,2023
Biak Numfor,0,1.461,-,0.005,0,0.016,-,2023
Sarmi,0,1.442,-,0.005,-,0.033,-,2023
Keerom,0,1.3,-,0.022,0,0.055,0.001,2023
Waropen,0,1.315,0.001,0.011,0.001,0.037,-,2023
Supiori,0,1.788,0.001,0.008,0.001,0.063,-,2023
Mamberamo Raya,0,0.938,-,-,-,-,-,2023
Kota Jayapura,0,1.396,-,0.02,0.002,0.069,0.009,2023
Merauke,0,1.469,0.002,0.039,0.002,0.061,0,2023
Boven Digoel,0,1.106,0.002,0.018,-,0.012,0.001,2023
Mappi,0,0.999,0,0.002,-,0.011,-,2023
Asmat,0,1.123,0.008,0.003,-,0.014,-,2023
Mimika,0,1.414,-,0.015,0.001,0.034,0,2023
Dogiyai,0,1.103,0.001,0.078,0.002,0.002,-,2023
Deiyai,0,0.757,-,0.092,0.001,-,-,2023
Nabire,0,1.586,0,0.03,0.001,0.062,0.003,2023
Paniai,0,0.907,-,0.071,-,-,-,2023
Intan Jaya,0,0.643,-,0.102,0.002,0.042,-,2023
Puncak,0,0.174,-,-,-,-,-,2023
Puncak Jaya,0,1.009,0.032,-,-,-,-,2023
Nduga,0,0.428,0.002,0.083,0.004,-,-,2023
Jayawijaya,0,1.123,0.001,0.06,0.002,0.002,0.001,2023
Lanny Jaya,0,1.294,0.001,0.25,0,0.001,-,2023
Tolikara,0,0.881,-,0.145,0.003,-,-,2023
Mamberamo Tengah,0,0.45,0.002,0.288,0.001,-,-,2023
Yalimo,0,1.161,0.019,0.121,-,0.005,-,2023
Yahukimo,0,0.249,0.001,0.194,0.003,-,-,2023
Pegunungan Bintang,0,0.259,-,-,-,0,-,2023
,Rata-rata Konsumsi Perkapita Seminggu Menurut Kelompok Padi-Padian Per Kabupaten/kota (Satuan Komoditas),,,,,,,2024
,PADI-PADIAN,"Beras (beras lokal, kualitas unggul, impor)",Beras ketan,Jagung basah dengan kulit,Jagung pipilan/beras jagung/jagung titil,Tepung terigu,Padi-padian lainnya,2024
,2024,2024,2024,2024,2024,2024,2024,2024
Simeulue,0,1.806,0.006,0.006,-,0.007,-,2024
Aceh Singkil,0,1.787,0.004,0.019,0.004,0.028,0,2024
Aceh Selatan,0,1.791,0.005,0.021,0.001,0.022,-,2024
Aceh Tenggara,0,1.765,0.007,0.019,-,0.021,0.001,2024
Aceh Timur,0,1.666,0.004,0.02,0.001,0.022,-,2024
Aceh Tengah,0,1.756,0.005,0.01,-,0.042,-,2024
Aceh Barat,0,1.586,0.019,0.038,0.003,0.017,0.001,2024
Aceh Besar,0,1.566,0.004,0.028,0.001,0.019,0.001,2024
Pidie,0,1.836,0.013,0.006,0,0.015,0.001,2024
Bireuen,0,1.553,0.012,0.028,0,0.019,0.001,2024
Aceh Utara,0,1.458,0.016,0.02,0.001,0.023,-,2024
Aceh Barat Daya,0,1.75,0.005,0.013,0,0.021,0,2024
Gayo Lues,0,2.407,0.044,0.042,0.017,0.013,0,2024
Aceh Tamiang,0,1.435,0.005,0.015,0.003,0.03,-,2024
Nagan Raya,0,1.543,0.017,0.06,0.004,0.077,0.002,2024
Aceh Jaya,0,1.784,0.009,0.031,0,0.013,0.005,2024
Bener Meriah,0,1.868,0.023,0.008,0.001,0.057,0,2024
Pidie Jaya,0,1.807,0.008,0.012,0.001,0.025,-,2024
Kota Banda Aceh,0,1.122,0.001,0.039,0,0.022,0.002,2024
Kota Sabang,0,1.491,0.006,0.01,-,0.023,-,2024
Kota Langsa,0,1.285,-,0.019,0,0.014,0,2024
Kota Lhokseumawe,0,1.379,0.003,0.015,0,0.016,0,2024
Kota Subulussalam,0,1.67,0.002,0.02,-,0.021,-,2024
Nias,0,2.296,0.001,0.002,-,0.007,0.002,2024
Mandailing Natal,0,2.097,0.001,0.002,-,0.008,-,2024
Tapanuli Selatan,0,2.007,0.001,0.004,-,0.012,-,2024
Tapanuli Tengah,0,1.92,0.008,0.004,0.01,0.008,0,2024
Tapanuli Utara,0,1.997,0.004,0.007,-,0.014,-,2024
Toba Samosir,0,1.956,0,0.011,0.001,0.012,-,2024
Labuhan Batu,0,1.771,-,0.014,0,0.018,0.002,2024
Asahan,0,1.467,0.002,0.016,0.001,0.038,0.003,2024
Simalungun,0,1.581,0.003,0.027,0.008,0.027,0,2024
Dairi,0,1.951,0.003,0.009,0.002,0.009,0,2024
Karo,0,1.998,0,0.01,-,0.01,-,2024
Deli Serdang,0,1.528,0.003,0.018,0.003,0.028,0,2024
Langkat,0,1.554,0.006,0.016,0.006,0.037,0,2024
Nias Selatan,0,2.331,0.002,0,-,0.008,-,2024
Humbang Hasundutan,0,2.161,0,0.011,0.001,0.016,-,2024
Pakpak Bharat,0,2.046,0.004,0.006,0.001,0.013,-,2024
Samosir,0,2.082,0.003,0.012,-,0.011,-,2024
Serdang Bedagai,0,1.532,0.004,0.011,0.001,0.018,0.002,2024
Batu Bara,0,1.495,0.007,0.022,0.003,0.027,0.001,2024
Padang Lawas Utara,0,2.169,0,0.01,0.002,0.016,-,2024
Padang Lawas,0,2,0.003,0.006,-,0.012,-,2024
Labuhan Batu Selatan,0,1.78,0,0.003,0.002,0.03,-,2024
Labuhan Batu Utara,0,1.711,0.001,0.002,0.002,0.023,0,2024
Nias Utara,0,2.368,0.005,0.004,-,0.015,-,2024
Nias Barat,0,2.288,0.002,-,-,0.009,0,2024
Kota Sibolga,0,1.468,0,0.005,-,0.005,0,2024
Kota Tanjung Balai,0,1.457,0.002,0.029,0.004,0.027,0,2024
Kota Pematang Siantar,0,1.491,0.001,0.038,0.001,0.016,0.001,2024
Kota Tebing Tinggi,0,1.417,0.003,0.032,0.004,0.026,0.004,2024
Kota Medan,0,1.312,0.005,0.033,0.001,0.021,0,2024
Kota Binjai,0,1.383,0.003,0.023,0.001,0.04,0,2024
Kota Padangsidimpuan,0,1.673,0.003,0.008,-,0.005,0.001,2024
Kota Gunungsitoli,0,1.802,-,0.002,-,0.012,-,2024
Kepulauan Mentawai,0,1.293,0.011,0.003,-,0.037,0.002,2024
Pesisir Selatan,0,1.68,0.006,0.006,-,0.008,0,2024
Solok,0,1.819,0.001,0.002,-,0.019,-,2024
Sijunjung,0,1.702,0.011,0.008,0.002,0.008,0,2024
Tanah Datar,0,1.577,0.003,0.007,0,0.01,0.001,2024
Padang Pariaman,0,1.402,0.001,0.003,0.001,0.013,0.002,2024
Agam,0,1.493,0.002,0.009,0,0.019,0.001,2024
Lima Puluh Kota,0,1.801,0.005,0.008,0.002,0.004,0,2024
Pasaman,0,1.888,0.002,0.015,-,0.013,0.002,2024
Solok Selatan,0,1.777,0.014,0.026,0.001,0.029,0.001,2024
Dharmasraya,0,1.386,0.038,0.018,0,0.03,0.001,2024
Pasaman Barat,0,1.842,0,0.005,0.001,0.015,0,2024
Kota Padang,0,1.243,0.003,0.016,0,0.019,0,2024
Kota Solok,0,1.378,0.002,0.015,0.003,0.023,0,2024
Kota Sawah Lunto,0,1.401,0.007,0.024,0,0.031,0.002,2024
Kota Padang Panjang,0,1.233,0.002,0.005,0.001,0.025,0,2024
Kota Bukittinggi,0,1.315,0.001,0.015,0.003,0.016,0.001,2024
Kota Payakumbuh,0,1.287,0.006,0.006,-,0.016,0,2024
Kota Pariaman,0,1.201,0.001,0.011,0.001,0.017,0,2024
Kuantan Singingi,0,1.37,0.006,0.029,0.001,0.051,0,2024
Indragiri Hulu,0,1.37,0.001,0.015,0.002,0.047,0.001,2024
Indragiri Hilir,0,1.415,0.008,0.01,0.002,0.091,0.001,2024
Pelalawan,0,1.602,0.002,0.02,0.003,0.055,0,2024
Siak,0,1.44,0.002,0.029,0.005,0.061,0.001,2024
Kampar,0,1.315,0.003,0.018,0,0.03,0,2024
Rokan Hulu,0,1.788,0.009,0.011,0.002,0.032,-,2024
Bengkalis,0,1.447,0.003,0.02,0,0.06,0,2024
Rokan Hilir,0,1.519,0.002,0.014,0.004,0.043,0.001,2024
Kepulauan Meranti,0,1.459,0.004,0.015,0.001,0.089,0,2024
Kota Pekanbaru,0,1.122,0.008,0.019,0,0.022,0.002,2024
Kota Dumai,0,1.52,0.002,0.024,0.002,0.035,0.002,2024
Kerinci,0,1.738,0.005,0.061,0.003,0.021,0.001,2024
Merangin,0,1.545,0.038,0.015,-,0.028,-,2024
Sarolangun,0,1.611,0.032,0.017,-,0.045,-,2024
Batang Hari,0,1.388,0.005,0.014,0,0.095,0,2024
Muaro Jambi,0,1.403,0.006,0.012,0.002,0.121,0.001,2024
Tanjung Jabung Timur,0,1.44,0.01,0.023,0.001,0.112,0,2024
Tanjung Jabung Barat,0,1.295,0.005,0.026,0.002,0.119,0.001,2024
Tebo,0,1.636,0.009,0.014,0,0.072,0,2024
Bungo,0,1.419,0.021,0.022,0.003,0.04,-,2024
Kota Jambi,0,1.023,0.004,0.029,0.001,0.08,0.001,2024
Kota Sungai Penuh,0,1.541,0.003,0.035,-,0.022,0.001,2024
Ogan Komering Ulu,0,1.637,0.004,0.01,0.003,0.083,0.002,2024
Ogan Komering Ilir,0,1.686,0.012,0.053,0.002,0.137,-,2024
Muara Enim,0,1.568,0.024,0.039,0,0.126,0.001,2024
Lahat,0,1.85,0.009,0.034,0.001,0.091,0,2024
Musi Rawas,0,1.707,0.003,0.032,0.009,0.095,0.001,2024
Musi Banyuasin,0,1.532,0.01,0.035,-,0.12,0.002,2024
Banyu Asin,0,1.628,0.015,0.033,0.002,0.147,0.004,2024
Ogan Komering Ulu Selatan,0,1.804,0.002,0.015,0.002,0.039,0,2024
Ogan Komering Ulu Timur,0,1.632,0.007,0.063,0.002,0.096,0.001,2024
Ogan Ilir,0,1.43,0.018,0.067,0.001,0.178,0.002,2024
Empat Lawang,0,1.921,0.007,0.057,0.004,0.081,0,2024
Penukal Abab Lematang Ilir,0,1.81,0.021,0.013,0.002,0.174,0.001,2024
Musi Rawas Utara,0,1.686,0.012,0.019,0.001,0.069,0,2024
Kota Palembang,0,1.254,0.007,0.035,0.003,0.117,0.001,2024
Kota Prabumulih,0,1.219,0.003,0.026,0.001,0.1,0,2024
Kota Pagar Alam,0,1.7,0.004,0.045,0.001,0.08,0,2024
Kota Lubuklinggau,0,1.467,0.008,0.041,0.001,0.087,0,2024
Bengkulu Selatan,0,1.786,0.006,0.042,0.001,0.035,-,2024
Rejang Lebong,0,1.717,0.003,0.042,0.003,0.064,0,2024
Bengkulu Utara,0,1.756,0.002,0.044,0.001,0.063,0.001,2024
Kaur,0,1.798,0.015,0.04,0,0.055,0.001,2024
Seluma,0,1.674,0.002,0.058,0,0.042,0.001,2024
Mukomuko,0,1.62,0.002,0.024,0.004,0.026,-,2024
Lebong,0,1.918,0.012,0.063,0.001,0.042,0.001,2024
Kepahiang,0,1.843,0.005,0.107,0.005,0.049,0.001,2024
Bengkulu Tengah,0,1.824,0,0.085,0.001,0.048,0,2024
Kota Bengkulu,0,1.291,0.001,0.084,0.003,0.043,0.002,2024
Lampung Barat,0,1.839,0.007,0.041,0.005,0.088,0.001,2024
Tanggamus,0,1.657,0.004,0.023,-,0.09,0.001,2024
Lampung Selatan,0,1.519,0.005,0.032,0.001,0.062,-,2024
Lampung Timur,0,1.583,0.006,0.027,0,0.064,0,2024
Lampung Tengah,0,1.552,0.007,0.067,0.001,0.077,0.002,2024
Lampung Utara,0,1.535,0.001,0.043,0.002,0.082,0,2024
Way Kanan,0,1.672,0.002,0.086,0.002,0.077,-,2024
Tulangbawang,0,1.594,0.002,0.055,0.01,0.061,0,2024
Pesawaran,0,1.607,0.001,0.057,0.002,0.098,0.001,2024
Pringsewu,0,1.548,0.003,0.031,0.001,0.083,0.001,2024
Mesuji,0,1.669,0.003,0.038,0,0.069,-,2024
Tulang Bawang Barat,0,1.542,0,0.125,0.002,0.058,0.001,2024
Pesisir Barat,0,1.884,0.006,0.038,0.001,0.056,0,2024
Kota Bandar Lampung,0,1.223,0.004,0.037,0.001,0.047,0.001,2024
Kota Metro,0,1.222,0,0.039,0.001,0.044,0.001,2024
Bangka,0,1.414,0.003,0.024,0.001,0.097,-,2024
Belitung,0,1.314,0.003,0.01,-,0.064,-,2024
Bangka Barat,0,1.32,0.005,0.022,0.001,0.074,-,2024
Bangka Tengah,0,1.438,0.019,0.024,0.008,0.062,-,2024
Bangka Selatan,0,1.628,0.004,0.002,-,0.045,-,2024
Belitung Timur,0,1.478,0.001,0.02,0.001,0.07,-,2024
Kota Pangkal Pinang,0,1.193,0.005,0.037,0.003,0.069,0,2024
Karimun,0,1.255,0.005,0.024,0.002,0.069,0.001,2024
Bintan,0,1.242,0.002,0.02,0,0.072,0.001,2024
Natuna,0,1.283,0.003,0.015,-,0.095,0.004,2024
Lingga,0,1.465,0.002,0.005,0.001,0.105,-,2024
Kepulauan Anambas,0,1.102,0.002,0.001,0.001,0.089,0,2024
Kota Batam,0,1.208,0.003,0.024,0.001,0.061,0.004,2024
Kota Tanjung Pinang,0,1.117,0.004,0.025,0.001,0.044,0.004,2024
Kep. Seribu,0,1.58,0,0.01,-,0.024,-,2024
Kota Jakarta Selatan,0,1.261,0,0.046,0.003,0.055,0,2024
Kota Jakarta Timur,0,1.25,0.001,0.028,0.002,0.05,0.002,2024
Kota Jakarta Pusat,0,1.21,0.001,0.019,0.001,0.026,0.001,2024
Kota Jakarta Barat,0,1.313,0.004,0.036,0.003,0.036,0.001,2024
Kota Jakarta Utara,0,1.301,0.002,0.023,0.004,0.056,0.001,2024
Bogor,0,1.494,0.004,0.023,0.001,0.067,0.001,2024
Sukabumi,0,1.851,0.015,0.072,0.004,0.076,0.001,2024
Cianjur,0,1.815,0.012,0.115,0.005,0.081,0,2024
Bandung,0,1.399,0.002,0.042,0.006,0.05,0.001,2024
Garut,0,1.565,0.008,0.074,0.003,0.076,0,2024
Tasikmalaya,0,1.678,0.007,0.027,0.001,0.072,0,2024
Ciamis,0,1.704,0.014,0.042,0.003,0.104,0,2024
Kuningan,0,1.435,0.007,0.03,0.003,0.09,0.001,2024
Cirebon,0,1.382,0.001,0.018,0.005,0.032,0,2024
Majalengka,0,1.566,0.003,0.024,-,0.06,0.003,2024
Sumedang,0,1.646,0.012,0.077,0.004,0.057,0,2024
Indramayu,0,1.657,0.001,0.013,0,0.021,-,2024
Subang,0,1.769,0.007,0.013,0.001,0.026,-,2024
Purwakarta,0,1.686,0.005,0.048,0.001,0.056,0,2024
Karawang,0,1.633,0,0.008,0,0.021,-,2024
Bekasi,0,1.451,0,0.011,0,0.037,0,2024
Bandung Barat,0,1.503,0.003,0.114,0.007,0.066,0,2024
Pangandaran,0,1.85,0.005,0.029,0,0.134,0,2024
Kota Bogor,0,1.352,0.002,0.043,0,0.052,0,2024
Kota Sukabumi,0,1.452,0.002,0.053,0.004,0.046,0.001,2024
Kota Bandung,0,1.209,0.001,0.018,0.006,0.048,0.001,2024
Kota Cirebon,0,1.228,0.003,0.014,0.003,0.036,0.001,2024
Kota Bekasi,0,1.327,0.002,0.038,0.002,0.049,0,2024
Kota Depok,0,1.284,0.002,0.044,0.002,0.066,0.001,2024
Kota Cimahi,0,1.163,0.003,0.034,0.007,0.065,0.001,2024
Kota Tasikmalaya,0,1.713,0.007,0.016,0,0.075,0.002,2024
Kota Banjar,0,1.807,0.006,0.015,0.004,0.083,0.002,2024
Cilacap,0,1.539,0.002,0.025,0.001,0.069,0,2024
Banyumas,0,1.468,0.001,0.044,0.003,0.085,0.006,2024
Purbalingga,0,1.219,0.001,0.041,0.018,0.072,0.013,2024
Banjarnegara,0,1.274,0.007,0.007,0.033,0.093,0.003,2024
Kebumen,0,1.376,0.001,0.05,0.002,0.085,0.004,2024
Purworejo,0,1.366,0.002,0.022,0,0.085,0.001,2024
Wonosobo,0,1.201,0.015,0.025,0.048,0.072,0.007,2024
Magelang,0,1.178,0.002,0.024,0.004,0.084,0.001,2024
Boyolali,0,1.201,0.003,0.009,0.003,0.085,0,2024
Klaten,0,1.225,0.003,0.016,0.001,0.07,0.002,2024
Sukoharjo,0,1.257,0.004,0.019,0.001,0.06,0.001,2024
Wonogiri,0,1.455,0.008,0.052,0.004,0.078,0.013,2024
Karanganyar,0,1.442,0.003,0.01,0.001,0.087,0.002,2024
Sragen,0,1.43,0.003,0.012,0,0.069,0,2024
Grobogan,0,1.435,0.002,0.021,0.002,0.081,0.004,2024
Blora,0,1.411,0.001,0.034,0.009,0.037,0.005,2024
Rembang,0,1.545,0.019,0.057,0.008,0.047,0.001,2024
Pati,0,1.484,0.001,0.03,0.002,0.053,0.006,2024
Kudus,0,1.203,0.001,0.019,0.003,0.048,0.005,2024
Jepara,0,1.416,0.001,0.014,-,0.04,0.002,2024
Demak,0,1.39,0.002,0.009,0,0.03,0,2024
Semarang,0,1.209,0.002,0.019,0.002,0.087,0.004,2024
Temanggung,0,1.248,0.009,0.009,0.024,0.07,0.001,2024
Kendal,0,1.46,0.001,0.028,0.009,0.067,0.001,2024
Batang,0,1.39,0.002,0.008,0.003,0.057,0.002,2024
Pekalongan,0,1.352,0,0.008,0.004,0.042,0.008,2024
Pemalang,0,1.4,0.006,0.033,0.014,0.051,0.008,2024
Tegal,0,1.397,0.001,0.013,0.001,0.042,0.002,2024
Brebes,0,1.437,0.001,0.016,0,0.052,0.001,2024
Kota Magelang,0,1.037,-,0.016,0.004,0.037,0.001,2024
Kota Surakarta,0,1.169,0.001,0.014,0.002,0.042,0.002,2024
Kota Salatiga,0,1.119,0,0.034,0.001,0.048,0.008,2024
Kota Semarang,0,1.14,0.002,0.026,0.002,0.041,0.003,2024
Kota Pekalongan,0,1.207,0.001,0.01,0,0.035,0.003,2024
Kota Tegal,0,1.22,0,0.008,0.001,0.024,0.001,2024
Kulon Progo,0,1.304,0.002,0.02,0.001,0.08,0.001,2024
Bantul,0,1.155,0,0.024,0.001,0.047,0,2024
Gunung Kidul,0,1.452,0.004,0.052,0.009,0.068,0.001,2024
Sleman,0,1.114,0.001,0.039,0.001,0.063,0.003,2024
Kota Yogyakarta,0,1.001,0.001,0.024,0.001,0.027,0.004,2024
Pacitan,0,1.513,0.005,0.05,0.001,0.059,0,2024
Ponorogo,0,1.456,0.003,0.033,0.003,0.057,0.011,2024
Trenggalek,0,1.496,0.001,0.025,0.002,0.026,0.002,2024
Tulungagung,0,1.388,-,0.021,0.003,0.028,0.003,2024
Blitar,0,1.303,0.003,0.035,0.011,0.022,0.004,2024
Kediri,0,1.406,0.008,0.047,0.018,0.038,0.004,2024
Malang,0,1.294,0.003,0.053,0.033,0.042,0.001,2024
Lumajang,0,1.688,0.004,0.082,0.089,0.06,0.001,2024
Jember,0,1.602,0.001,0.123,0.032,0.057,0.003,2024
Banyuwangi,0,1.519,0.005,0.138,0.018,0.036,0.001,2024
Bondowoso,0,1.591,0.003,0.103,0.036,0.05,0.001,2024
Situbondo,0,1.559,0.004,0.073,0.06,0.034,0.001,2024
Probolinggo,0,1.677,0.002,0.045,0.071,0.03,0.003,2024
Pasuruan,0,1.485,0.001,0.067,0.039,0.041,0.001,2024
Sidoarjo,0,1.296,0.001,0.097,0.005,0.036,0.002,2024
Mojokerto,0,1.376,0.002,0.127,0.014,0.048,0.002,2024
Jombang,0,1.28,0.001,0.065,0.008,0.022,0.002,2024
Nganjuk,0,1.601,0.002,0.086,0.013,0.05,0.002,2024
Madiun,0,1.451,0.002,0.061,0.002,0.071,0.001,2024
Magetan,0,1.371,0.002,0.042,0.002,0.063,0.001,2024
Ngawi,0,1.798,0.003,0.029,0.002,0.089,0.002,2024
Bojonegoro,0,1.612,0.001,0.066,0.006,0.069,0.018,2024
Tuban,0,1.496,0.017,0.121,0.015,0.054,0.012,2024
Lamongan,0,1.552,0.008,0.082,0.016,0.054,0.001,2024
Gresik,0,1.291,0.003,0.066,0.004,0.051,0.001,2024
Bangkalan,0,1.635,0.003,0.023,0.148,0.026,0,2024
Sampang,0,1.891,-,0.007,0.143,0.005,-,2024
Pamekasan,0,1.456,0.003,0.026,0.162,0.02,0,2024
Sumenep,0,1.567,0.008,0.053,0.261,0.056,0,2024
Kota Kediri,0,1.21,0,0.055,0.003,0.014,0.002,2024
Kota Blitar,0,1.052,0.002,0.032,0.002,0.019,0.002,2024
Kota Malang,0,1.133,0.002,0.034,0.007,0.046,0.004,2024
Kota Probolinggo,0,1.516,0,0.049,0.039,0.017,0.008,2024
Kota Pasuruan,0,1.311,0.003,0.044,0.007,0.041,0.002,2024
Kota Mojokerto,0,1.251,0,0.097,0.009,0.027,0.001,2024
Kota Madiun,0,1.105,0.001,0.046,0.004,0.053,0.005,2024
Kota Surabaya,0,1.326,0.004,0.072,0.006,0.038,0.004,2024
Kota Batu,0,1.11,0.002,0.041,0.009,0.043,0,2024
Pandeglang,0,1.988,0.004,0.011,0,0.044,-,2024
Lebak,0,2.07,0.012,0.014,0.001,0.08,-,2024
Tangerang,0,1.593,0.003,0.022,0.002,0.061,0,2024
Serang,0,1.627,0.009,0.018,0,0.057,0.014,2024
Kota Tangerang,0,1.361,0.005,0.047,0.002,0.051,0.001,2024
Kota Cilegon,0,1.292,0.009,0.044,0.002,0.074,0.001,2024
Kota Serang,0,1.507,0.002,0.037,0.003,0.044,0.001,2024
Kota Tangerang Selatan,0,1.366,0.005,0.04,0.003,0.065,0.001,2024
Jembrana,0,1.949,0.004,0.049,0.007,0.007,0,2024
Tabanan,0,1.812,0.003,0.03,0.003,0.006,0,2024
Badung,0,1.635,0.005,0.089,0.005,0.012,-,2024
Gianyar,0,1.953,0.01,0.022,0,0.006,0,2024
Klungkung,0,1.878,0,0.042,0.055,0.001,0,2024
Bangli,0,1.921,0.018,0.036,0.003,0.007,0.003,2024
Karangasem,0,1.985,0.019,0.027,0.005,0.003,0.001,2024
Buleleng,0,2.038,0.007,0.043,0.02,0.008,0,2024
Kota Denpasar,0,1.472,0,0.071,0.005,0.006,0,2024
Lombok Barat,0,1.805,0.003,0.099,0.004,0.011,0,2024
Lombok Tengah,0,1.908,0.007,0.132,0.002,0.015,0.002,2024
Lombok Timur,0,2.276,0.007,0.092,0.007,0.021,0.001,2024
Sumbawa,0,1.806,0.003,0.099,0.005,0.04,0.001,2024
Dompu,0,2.047,0.006,0.054,0,0.009,-,2024
Bima,0,1.872,0.004,0.144,0.006,0.014,0.001,2024
Sumbawa Barat,0,2.021,0.005,0.12,0.008,0.039,0.001,2024
Lombok Utara,0,2.032,0.018,0.083,0.007,0.015,0.001,2024
Kota Mataram,0,1.555,0.002,0.075,0.002,0.019,0.001,2024
Kota Bima,0,1.738,0.006,0.094,0.001,0.008,0.004,2024
Sumba Barat,0,2.085,0,0.182,0.073,0.004,-,2024
Sumba Timur,0,2.295,0.001,0.131,0.227,0.011,-,2024
Kupang,0,1.948,0.007,0.169,0.081,0.02,0,2024
Timor Tengah Selatan,0,1.911,-,0.059,0.218,0.052,-,2024
Timor Tengah Utara,0,2.067,0,0.128,0.055,0.017,0,2024
Belu,0,2.011,0.002,0.129,0.1,0.017,-,2024
Alor,0,1.507,0.001,0.224,0.152,0.047,0.007,2024
Lembata,0,1.608,0,0.111,0.144,0.034,0,2024
Flores Timur,0,2.365,0.004,0.155,0.136,0.039,0.005,2024
Sikka,0,1.862,0,0.069,0.077,0.012,0.01,2024
Ende,0,2.14,-,0.182,0.023,0.014,0.001,2024
Ngada,0,2.202,0.008,0.244,0.157,0.013,0.008,2024
Manggarai,0,2.388,0.001,0.118,0.094,0.009,-,2024
Rote Ndao,0,2.053,-,0.029,0.006,0.01,-,2024
Manggarai Barat,0,2.313,0.004,0.115,0.051,0.041,0.002,2024
Sumba Tengah,0,2.25,0.029,0.255,0.163,0.006,-,2024
Sumba Barat Daya,0,1.896,0,0.075,0.373,0.008,-,2024
Nagekeo,0,1.837,0.002,0.062,0.135,0.003,0.002,2024
Manggarai Timur,0,2.654,0.002,0.18,0.068,0.01,-,2024
Sabu Raijua,0,2.16,0.001,0.017,0.008,0.007,0.004,2024
Malaka,0,2.167,0.001,0.023,0.089,0.01,0.001,2024
Kota Kupang,0,1.738,0.006,0.086,0.018,0.022,0,2024
Sambas,0,1.519,0.012,0.017,0.002,0.055,0,2024
Bengkayang,0,1.814,0.003,0.018,-,0.04,0.001,2024
Landak,0,1.992,0.014,0.01,0.002,0.018,-,2024
Mempawah,0,1.51,0,0.012,0.009,0.035,0,2024
Sanggau,0,1.605,0.003,0.005,0.001,0.018,0,2024
Ketapang,0,1.634,0.014,0.009,0.001,0.019,-,2024
Sintang,0,1.899,0.007,0.015,0,0.021,0,2024
Kapuas Hulu,0,1.6,0.016,0.033,0.001,0.038,-,2024
Sekadau,0,1.754,0.024,0.004,0,0.04,-,2024
Melawi,0,1.663,0.003,0.011,-,0.019,0.001,2024
Kayong Utara,0,1.647,0.005,0.006,0,0.049,0,2024
Kubu Raya,0,1.478,0.005,0.012,0.016,0.055,0.001,2024
Kota Pontianak,0,1.218,0.001,0.036,0.01,0.04,0.002,2024
Kota Singkawang,0,1.336,0.002,0.025,0,0.041,0.003,2024
Kotawaringin Barat,0,1.505,0.002,0.018,0.004,0.057,0.003,2024
Kotawaringin Timur,0,1.582,0.001,0.029,0.001,0.046,0,2024
Kapuas,0,1.578,0.001,0.025,0.003,0.075,0.001,2024
Barito Selatan,0,1.61,-,0.016,0,0.073,0.003,2024
Barito Utara,0,1.412,0.004,0.02,-,0.043,-,2024
Sukamara,0,1.507,0.015,0.008,0.002,0.056,0.002,2024
Lamandau,0,1.529,0.002,0.017,0.002,0.055,-,2024
Seruyan,0,1.467,0.003,0.022,0.001,0.041,0,2024
Katingan,0,1.464,0.004,0.011,0,0.033,-,2024
Pulang Pisau,0,1.631,0.004,0.038,0.001,0.069,0,2024
Gunung Mas,0,1.623,0.004,0.02,0,0.021,0,2024
Barito Timur,0,1.521,0.002,0.01,0.001,0.099,0,2024
Murung Raya,0,1.654,0.001,0.007,0,0.039,-,2024
Kota Palangka Raya,0,1.21,0.002,0.024,0.003,0.044,0.001,2024
Tanah Laut,0,1.532,0.002,0.043,0.001,0.058,0.001,2024
Kota Baru,0,1.539,0.005,0.039,0.002,0.096,0.001,2024
Banjar,0,1.545,0.002,0.071,0.003,0.075,0,2024
Barito Kuala,0,1.745,0.001,0.042,0.003,0.064,-,2024
Tapin,0,1.459,0.002,0.066,0.002,0.063,0,2024
Hulu Sungai Selatan,0,1.568,0.001,0.039,0.002,0.045,0,2024
Hulu Sungai Tengah,0,1.597,0.001,0.083,0.001,0.057,0.001,2024
Hulu Sungai Utara,0,1.528,0.002,0.045,0.001,0.075,0.002,2024
Tabalong,0,1.298,0.001,0.04,0.001,0.096,0.006,2024
Tanah Bumbu,0,1.272,0.006,0.025,0.008,0.055,0.001,2024
Balangan,0,1.487,0.003,0.035,0.005,0.086,0.001,2024
Kota Banjarmasin,0,1.315,0.001,0.038,0.003,0.038,0,2024
Kota Banjar Baru,0,1.174,0.001,0.043,0.001,0.059,0.001,2024
Paser,0,1.342,0.003,0.019,0.007,0.055,-,2024
Kutai Barat,0,1.406,0,0.026,0.005,0.056,-,2024
Kutai Kartanegara,0,1.437,0.006,0.04,0.003,0.07,0,2024
Kutai Timur,0,1.472,0.007,0.057,0.01,0.067,0.001,2024
Berau,0,1.391,0.005,0.044,0.004,0.059,0.001,2024
Penajam Paser Utara,0,1.419,0.005,0.05,0.001,0.073,0.001,2024
Mahakam Ulu,0,1.809,0.013,0.009,0.002,0.031,-,2024
Kota Balikpapan,0,1.247,0.001,0.038,0.004,0.063,0.003,2024
Kota Samarinda,0,1.159,0.002,0.056,0.009,0.057,0.002,2024
Kota Bontang,0,1.132,0.003,0.037,0.003,0.05,-,2024
Malinau,0,1.783,0.021,0.035,0.001,0.069,0.002,2024
Bulungan,0,1.371,0.007,0.031,0.002,0.068,0.002,2024
Tana Tidung,0,1.404,0.002,0.051,0.004,0.076,0.001,2024
Nunukan,0,1.428,0.016,0.034,0,0.116,0,2024
Kota Tarakan,0,1.264,0.005,0.038,0.003,0.079,0,2024
Bolaang Mongondow,0,1.923,0.004,0.034,0.014,0.045,-,2024
Minahasa,0,1.771,0.004,0.035,0.016,0.062,-,2024
Kepulauan Sangihe,0,1.663,0.001,0.005,0.001,0.037,-,2024
Kepulauan Talaud,0,1.658,-,0.002,0.001,0.049,-,2024
Minahasa Selatan,0,1.949,0.003,0.025,0.01,0.058,0,2024
Minahasa Utara,0,1.762,0.002,0.024,0.009,0.031,-,2024
Bolaang Mongondow Utara,0,1.718,0.006,0.021,0.01,0.04,-,2024
Siau Tagulandang Biaro,0,1.709,0.002,0.004,-,0.01,-,2024
Minahasa Tenggara,0,1.868,0.001,0.039,0.002,0.041,0,2024
Bolaang Mongondow Selatan,0,1.842,0.001,0.016,0.053,0.015,-,2024
Bolaang Mongondow Timur,0,1.968,0.001,0.01,0.018,0.025,-,2024
Kota Manado,0,1.539,-,0.013,0.007,0.024,0.005,2024
Kota Bitung,0,1.668,0.001,0.024,0.016,0.04,-,2024
Kota Tomohon,0,1.606,0.001,0.015,0.009,0.03,-,2024
Kota Kotamobagu,0,1.763,0.004,0.037,0.024,0.02,0,2024
Banggai Kepulauan,0,2.027,-,0.012,0,0.016,-,2024
Banggai,0,1.744,0.007,0.067,0.02,0.048,0,2024
Morowali,0,1.77,0.004,0.03,0.003,0.054,0.001,2024
Poso,0,1.938,0.013,0.062,0.005,0.06,0.001,2024
Donggala,0,2.13,0.012,0.079,0.034,0.066,0.001,2024
Toli-Toli,0,1.588,0.005,0.069,0.002,0.051,0.001,2024
Buol,0,1.575,0.004,0.109,0.003,0.046,0.003,2024
Parigi Moutong,0,1.744,0.005,0.068,0.009,0.051,0,2024
Tojo Una-Una,0,1.65,0.002,0.023,0.013,0.03,0,2024
Sigi,0,2.173,0.009,0.065,0.019,0.061,-,2024
Banggai Laut,0,2.03,0.002,0.005,0.002,0.01,-,2024
Morowali Utara,0,1.698,0.006,0.078,0.01,0.09,0,2024
Kota Palu,0,1.449,0.003,0.082,0.02,0.046,0.001,2024
Kepulauan Selayar,0,1.77,0.032,0.07,0.069,0.141,0.004,2024
Bulukumba,0,1.879,0.037,0.183,0.019,0.135,0.009,2024
Bantaeng,0,1.633,0.012,0.103,0.042,0.144,0.001,2024
Jeneponto,0,1.936,0.006,0.097,0.003,0.12,0.002,2024
Takalar,0,1.844,0.01,0.135,0.007,0.127,0.001,2024
Gowa,0,1.739,0.012,0.105,0.008,0.138,0,2024
Sinjai,0,1.852,0.014,0.159,0.015,0.12,0.01,2024
Maros,0,1.707,0.008,0.196,0.001,0.116,0.002,2024
Pangkajene dan Kepulauan,0,1.675,0.008,0.123,0.006,0.128,0.002,2024
Barru,0,1.87,0.015,0.055,0.001,0.122,0.003,2024
Bone,0,1.714,0.014,0.116,0.002,0.111,0.003,2024
Soppeng,0,1.754,0.015,0.09,0.002,0.076,0.001,2024
Wajo,0,1.571,0.015,0.104,0.005,0.075,0.007,2024
Sidenreng Rappang,0,1.699,0.012,0.127,0.01,0.069,0.001,2024
Pinrang,0,1.523,0.004,0.142,0.012,0.083,0.002,2024
Enrekang,0,1.749,0.019,0.098,0.012,0.075,0.001,2024
Luwu,0,1.656,0.019,0.08,0.005,0.068,0.001,2024
Tana Toraja,0,2.218,0.005,0.07,0.008,0.027,0.001,2024
Luwu Utara,0,1.844,0.008,0.112,0,0.089,0.001,2024
Luwu Timur,0,1.752,0.007,0.098,0.004,0.064,-,2024
Toraja Utara,0,1.956,0.012,0.035,-,0.02,-,2024
Kota Makasar,0,1.581,0.01,0.176,0.005,0.058,0.002,2024
Kota Parepare,0,1.49,0.004,0.129,0.004,0.055,0.013,2024
Kota Palopo,0,1.555,0.005,0.082,0.004,0.046,0.002,2024
Buton,0,1.728,0.016,0.258,0.051,0.059,0.002,2024
Muna,0,1.861,0.001,0.117,0.134,0.014,-,2024
Konawe,0,1.732,0.004,0.046,0.002,0.067,0.007,2024
Kolaka,0,1.712,0.006,0.039,0.002,0.078,0.003,2024
Konawe Selatan,0,1.736,0.002,0.072,0.006,0.063,0.006,2024
Bombana,0,1.965,0.002,0.138,0.007,0.071,0.002,2024
Wakatobi,0,1.995,0.002,0.129,0.031,0.036,-,2024
Kolaka Utara,0,1.739,0.009,0.104,0.002,0.07,0.003,2024
Buton Utara,0,1.979,0.012,0.103,0.008,0.032,0,2024
Konawe Utara,0,1.648,0.002,0.082,0.008,0.063,0,2024
Kolaka Timur,0,1.85,0.009,0.038,0.005,0.084,0.005,2024
Konawe Kepulauan,0,1.863,0,0.025,0.001,0.05,0,2024
Muna Barat,0,1.889,0.002,0.109,0.121,0.037,-,2024
Buton Tengah,0,1.703,0,0.071,0.058,0.012,-,2024
Buton Selatan,0,1.65,0.001,0.149,0.07,0.03,0.004,2024
Kota Kendari,0,1.578,0.002,0.047,0.002,0.049,0.001,2024
Kota Baubau,0,1.584,0.006,0.095,0.02,0.024,0.004,2024
Boalemo,0,1.818,0.002,0.125,0.108,0.048,-,2024
Gorontalo,0,1.766,0,0.093,0.08,0.026,-,2024
Pohuwato,0,1.803,0.001,0.064,0.035,0.012,-,2024
Bone Bolango,0,1.657,-,0.058,0.047,0.02,-,2024
Gorontalo Utara,0,1.75,0.001,0.17,0.017,0.01,-,2024
Kota Gorontalo,0,1.715,0.001,0.057,0.027,0.016,-,2024
Majene,0,1.836,0.005,0.117,0.002,0.134,0.002,2024
Polewali Mandar,0,2.192,0.009,0.036,0.005,0.086,0,2024
Mamasa,0,2.083,0.009,0.024,0.01,0.027,0,2024
Mamuju,0,1.949,0.008,0.047,0.004,0.072,0.001,2024
Mamuju Utara,0,1.767,0.006,0.095,0.01,0.08,0.001,2024
Mamuju Tengah,0,1.757,0.007,0.063,0.006,0.103,0,2024
Maluku Tenggara Barat,0,1.67,0.001,0.245,0.027,0.025,0.008,2024
Maluku Tenggara,0,1.783,0.005,0.216,0.019,0.027,0,2024
Maluku Tengah,0,1.523,0.001,0.008,0.002,0.042,-,2024
Buru,0,1.69,0.001,0.027,0.001,0.036,0,2024
Kepulauan Aru,0,1.333,0.001,0.025,0.007,0.011,-,2024
Seram Bagian Barat,0,1.279,0.002,0.019,0.001,0.034,0.001,2024
Seram Bagian Timur,0,1.246,0.002,0.011,0,0.067,-,2024
Maluku Barat Daya,0,1.912,0.004,0.049,0.368,0.028,0,2024
Buru Selatan,0,1.45,0.004,0,0.001,0.031,0,2024
Kota Ambon,0,1.615,0.003,0.028,0,0.033,0.002,2024
Kota Tual,0,1.811,0.014,0.281,0.007,0.113,0.001,2024
Halmahera Barat,0,1.635,0.001,0.013,0.001,0.026,-,2024
Halmahera Tengah,0,1.5,0.002,0.031,0.002,0.039,-,2024
Kepulauan Sula,0,1.726,0.001,0.024,0.006,0.027,0.003,2024
Halmahera Selatan,0,1.603,0.012,0.042,0.001,0.029,0,2024
Halmahera Utara,0,1.462,0,0.023,0,0.05,-,2024
Halmahera Timur,0,1.257,0,0.032,0.003,0.049,0,2024
Pulau Morotai,0,1.521,0.034,0.03,0.002,0.076,-,2024
Pulau Taliabu,0,1.58,-,0.006,-,0.017,-,2024
Kota Ternate,0,1.48,-,0.009,0,0.016,-,2024
Kota Tidore Kepulauan,0,1.379,0.001,0.042,0.009,0.036,0,2024
Fakfak,0,1.495,0.002,0.009,-,0.045,-,2024
Kaimana,0,1.451,0.004,0.021,0,0.054,-,2024
Teluk Wondama,0,1.157,0,0.011,0.002,0.034,0,2024
Teluk Bintuni,0,1.323,0.005,0.018,0,0.039,0,2024
Manokwari,0,1.497,0.004,0.012,0.003,0.064,0,2024
Manokwari Selatan,0,1.562,-,0.032,0.001,0.015,0.001,2024
Pegunungan Arfak,0,1.227,0,0.061,0,0.003,-,2024
Raja Ampat,0,1.467,0,0.016,0.001,0.124,-,2024
Sorong,0,1.427,0.002,0.027,0.002,0.059,0.002,2024
Sorong Selatan,0,0.723,0.008,0.004,-,0.012,-,2024
Maybrat,0,1.161,0.001,0.021,0.001,0.034,-,2024
Tambrauw,0,1.254,0.001,0.014,-,0.015,-,2024
Kota Sorong,0,1.505,0.003,0.03,0.001,0.046,0.001,2024
Jayapura,0,1.186,0.001,0.02,0.002,0.036,0.001,2024
Kepulauan Yapen,0,1.333,0.002,0.031,-,0.054,-,2024
Biak Numfor,0,1.456,-,0.006,-,0.028,-,2024
Sarmi,0,1.472,-,0.011,-,0.01,-,2024
Keerom,0,1.44,0.004,0.066,0.002,0.059,-,2024
Waropen,0,1.288,0,0.003,0,0.019,-,2024
Supiori,0,1.504,-,0.008,-,0.046,-,2024
Mamberamo Raya,0,1.031,-,-,-,-,-,2024
Kota Jayapura,0,1.218,-,0.013,0.001,0.025,-,2024
Merauke,0,1.033,0.001,0.007,0.001,0.011,0.003,2024
Boven Digoel,0,1.515,0.001,0.076,0.005,0.047,0.003,2024
Mappi,0,1.002,0.001,0.004,0.001,0.013,-,2024
Asmat,0,0.882,0.001,-,-,0.007,-,2024
Mimika,0,1.281,0,0.026,0.001,0.029,0,2024
Dogiyai,0,0.997,-,0.089,0,0.003,-,2024
Deiyai,0,0.896,-,0.002,0.001,0.027,-,2024
Nabire,0,1.463,0.001,0.041,0.001,0.065,0,2024
Paniai,0,0.893,-,0.008,0,0.054,-,2024
Intan Jaya,0,0.922,-,0.011,0.001,0.006,-,2024
Puncak,0,0.187,-,-,-,-,-,2024
Puncak Jaya,0,1.202,-,0.008,-,0.001,-,2024
Nduga,0,0.407,0,0.083,0.001,-,-,2024
Jayawijaya,0,1.213,0.001,0.048,0,0.007,-,2024
Lanny Jaya,0,1.688,-,0.375,-,0.001,-,2024
Tolikara,0,1.138,-,0.161,-,-,-,2024
Mamberamo Tengah,0,0.44,0.001,0.265,0.001,-,-,2024
Yalimo,0,1.122,0,0.089,0,-,-,2024
Yahukimo,0,0.447,-,0.025,-,-,-,2024
Pegunungan Bintang,0,0.55,-,0.002,-,-,-,2024
